Workbook
Name c_kegiatan: [1]!tbl_kegiatan[[#Headers],[Kegiatan]]
Name c_progrm: [1]!tbl_progrm[[#Headers],[No]]
Name c_stdr: [1]!tbl_stdr[[#Headers],[ID]]
Name list_Y_T: [1]!tbl_ya_tdk[tbl_ya_tdk]

Sheet Data
A1: Data
A3: Sekolah
A4: Kecamatan
A5: Kabupaten
A7: Kepala Sekolah
A8: NIP
A9: Bendahara
A10: NIP
A12: Honorarium
A13: Guru
A14: No | B14: Nama | D14: NUPTK | E14: JABATAN

Sheet Honor_guru
A1: DAFTAR PENERIMA HONORARIUM/GAJI GURU TIDAK TETAP (PEMBAYARAN NON TUNAI)
A2: BULAN JANUARI 2026
C4: Nomor | D4: : ____________________________ | N4: Program | O4: : 07 Pengembangan Standar Pembiayaan
C5: Nama Sekolah | D5: : SD NEGERI LEBAKLEUNGSIR | N5: Kegiatan | O5: : Pembayaran Honor Guru
C6: Kecamatan | D6: : Cikalongwetan | N6: Kode Rekening | O6: : 5.1.02.02.01.0013
C7: Kabupaten | D7: : Bandung Barat | N7: Kode Penggunaan | O7: : 12
A9: NO | B9: NAMA PTK | D9: NUPTK | E9: JABATAN | F9: Cost (Rp) | J9: JUMLAH (Rp) | K9: Gol. / Ruang | L9: VOLUME | N9: PPh 21 (non pegawai = 50% x PPh Bruto-PTKP (bulanan)) | O9: JUMLAH YANG DITERIMA (Rp) | P9: TANDA TANGAN
F10: Guru | G10: TAS/ Operator | H10: Pembina Ekskul
A11: 1 | B11: RACHMAWATI | D11: 9563779680230043 | E11: Guru Kelas | F11: 650000 | G11: 250000 | H11: 100000 | J11: =IF(B11="","",SUM(F11:I11)) -> 1000000 | K11: GTT | L11: 1 | M11: Bulan | N11: =IFERROR(J11*0/100,"") -> 0 | O11: =IFERROR(SUM(J11*L11)-N11,"") -> 1000000 | P11: 1 | Q11: 2
A12: 2 | J12: =IF(B12="","",SUM(F12:I12)) | N12: =IFERROR(J12*0/100,"") | O12: =IFERROR(SUM(J12*L12)-N12,"")
A13: 3 | J13: =IF(B13="","",SUM(F13:I13)) | N13: =IFERROR(J13*0/100,"") | O13: =IFERROR(SUM(J13*L13)-N13,"") | P13: 3 | Q13: 4
A14: 4 | J14: =IF(B14="","",SUM(F14:I14)) | N14: =IFERROR(J14*0/100,"") | O14: =IFERROR(SUM(J14*L14)-N14,"")
A15: 5 | J15: =IF(B15="","",SUM(F15:I15)) | N15: =IFERROR(J15*0/100,"") | O15: =IFERROR(SUM(J15*L15)-N15,"") | P15: 5 | Q15: 6
A16: 6 | J16: =IF(B16="","",SUM(F16:I16)) | N16: =IFERROR(J16*0/100,"") | O16: =IFERROR(SUM(J16*L16)-N16,"")
E17: JUMLAH | J17: =SUM(J11:J16) -> 1000000 | N17: =SUM(N11:N16) -> 0 | O17: =SUM(O11:O16) -> 1000000
P19: Cikalongwetan, 2 Januari 2026
C20: Mengetahui/Menyetujui | P20: Dibayar Lunas Tgl. 4 Februari 2026
C21: Kepala Sekolah, | P21: Bendahara BOS,
C27: BADRUDDIN, S.Ag. | P27: DEDE GUNAWAN, S.Pd.
C28: NIP. 197405082014121002 | P28: NIP. 198507172020121003
A36: DAFTAR PENERIMA HONORARIUM/GAJI GURU TIDAK TETAP (PEMBAYARAN NON TUNAI)
A37: BULAN FEBRUARI 2026
C39: Nomor | D39: : ____________________________ | N39: Program | O39: =O4 -> : 07 Pengembangan Standar Pembiayaan
C40: Nama Sekolah | D40: =D5 -> : SD NEGERI LEBAKLEUNGSIR | N40: Kegiatan | O40: =O5 -> : Pembayaran Honor Guru
C41: Kecamatan | D41: =D6 -> : Cikalongwetan | N41: Kode Rekening | O41: =O6 -> : 5.1.02.02.01.0013
C42: Kabupaten | D42: =D7 -> : Bandung Barat | N42: Kode Penggunaan | O42: =O7 -> : 12
A44: NO | B44: NAMA PTK | D44: NUPTK | E44: JABATAN | F44: Cost (Rp) | J44: JUMLAH (Rp) | K44: Gol. / Ruang | L44: VOLUME | N44: PPh 21 (non pegawai = 50% x PPh Bruto-PTKP (bulanan)) | O44: JUMLAH YANG DITERIMA (Rp) | P44: TANDA TANGAN
F45: Guru | G45: TAS/ Operator | H45: Pembina Ekskul
A46: 1 | B46: =IF(B11="","",B11) -> RACHMAWATI | D46: =IF(D11="","",D11) -> 9563779680230043 | E46: =IF(E11="","",E11) -> Guru Kelas | F46: =IF(F11="","",F11) -> 650000 | G46: =IF(G11="","",G11) -> 250000 | H46: =IF(H11="","",H11) -> 100000 | J46: =IF(B46="","",SUM(F46:I46)) -> 1000000 | K46: =IF(K11="","",K11) -> GTT | L46: =IF(L11="","",L11) -> 1 | M46: =IF(M11="","",M11) -> Bulan | N46: =IFERROR(J46*0/100,"") -> 0 | O46: =IFERROR(SUM(J46*L46)-N46,"") -> 1000000 | P46: 1 | Q46: 2
A47: 2 | B47: =IF(B12="","",B12) | D47: =IF(D12="","",D12) | E47: =IF(E12="","",E12) | F47: =IF(F12="","",F12) | G47: =IF(G12="","",G12) | H47: =IF(H12="","",H12) | J47: =IF(B47="","",SUM(F47:I47)) | K47: =IF(K12="","",K12) | L47: =IF(L12="","",L12) | M47: =IF(M12="","",M12) | N47: =IFERROR(J47*0/100,"") | O47: =IFERROR(SUM(J47*L47)-N47,"")
A48: 3 | B48: =IF(B13="","",B13) | D48: =IF(D13="","",D13) | E48: =IF(E13="","",E13) | F48: =IF(F13="","",F13) | G48: =IF(G13="","",G13) | H48: =IF(H13="","",H13) | J48: =IF(B48="","",SUM(F48:I48)) | K48: =IF(K13="","",K13) | L48: =IF(L13="","",L13) | M48: =IF(M13="","",M13) | N48: =IFERROR(J48*0/100,"") | O48: =IFERROR(SUM(J48*L48)-N48,"") | P48: 3 | Q48: 4
A49: 4 | B49: =IF(B14="","",B14) | D49: =IF(D14="","",D14) | E49: =IF(E14="","",E14) | F49: =IF(F14="","",F14) | G49: =IF(G14="","",G14) | H49: =IF(H14="","",H14) | J49: =IF(B49="","",SUM(F49:I49)) | K49: =IF(K14="","",K14) | L49: =IF(L14="","",L14) | M49: =IF(M14="","",M14) | N49: =IFERROR(J49*0/100,"") | O49: =IFERROR(SUM(J49*L49)-N49,"")
A50: 5 | B50: =IF(B15="","",B15) | D50: =IF(D15="","",D15) | E50: =IF(E15="","",E15) | F50: =IF(F15="","",F15) | G50: =IF(G15="","",G15) | H50: =IF(H15="","",H15) | J50: =IF(B50="","",SUM(F50:I50)) | K50: =IF(K15="","",K15) | L50: =IF(L15="","",L15) | M50: =IF(M15="","",M15) | N50: =IFERROR(J50*0/100,"") | O50: =IFERROR(SUM(J50*L50)-N50,"") | P50: 5 | Q50: 6
A51: 6 | B51: =IF(B16="","",B16) | D51: =IF(D16="","",D16) | E51: =IF(E16="","",E16) | F51: =IF(F16="","",F16) | G51: =IF(G16="","",G16) | H51: =IF(H16="","",H16) | J51: =IF(B51="","",SUM(F51:I51)) | K51: =IF(K16="","",K16) | L51: =IF(L16="","",L16) | M51: =IF(M16="","",M16) | N51: =IFERROR(J51*0/100,"") | O51: =IFERROR(SUM(J51*L51)-N51,"")
A52: JUMLAH | J52: =SUM(J46:J51) -> 1000000 | N52: =SUM(N46:N51) -> 0 | O52: =SUM(O46:O51) -> 1000000
P54: Cikalongwetan, 1 Februari 2026
C55: Mengetahui/Menyetujui | P55: Dibayar Lunas Tgl. 4 Februari 2026
C56: Kepala Sekolah, | P56: Bendahara BOS,
C62: =IF(C27="","",C27) -> BADRUDDIN, S.Ag. | P62: =IF(P27="","",P27) -> DEDE GUNAWAN, S.Pd.
C63: =IF(C28="","",C28) -> NIP. 197405082014121002 | P63: =IF(P28="","",P28) -> NIP. 198507172020121003
A72: DAFTAR PENERIMA HONORARIUM/GAJI GURU TIDAK TETAP (PEMBAYARAN NON TUNAI)
A73: BULAN MARET 2026
C75: Nomor | D75: : ____________________________ | N75: Program | O75: =O39 -> : 07 Pengembangan Standar Pembiayaan
C76: Nama Sekolah | D76: =D40 -> : SD NEGERI LEBAKLEUNGSIR | N76: Kegiatan | O76: =O40 -> : Pembayaran Honor Guru
C77: Kecamatan | D77: =D41 -> : Cikalongwetan | N77: Kode Rekening | O77: =O41 -> : 5.1.02.02.01.0013
C78: Kabupaten | D78: =D42 -> : Bandung Barat | N78: Kode Penggunaan | O78: =O42 -> : 12
A80: NO | B80: NAMA PTK | D80: NUPTK | E80: JABATAN | F80: Cost (Rp) | J80: JUMLAH (Rp) | K80: Gol. / Ruang | L80: VOLUME | N80: PPh 21 (non pegawai = 50% x PPh Bruto-PTKP (bulanan)) | O80: JUMLAH YANG DITERIMA (Rp) | P80: TANDA TANGAN
F81: Guru | G81: TAS/ Operator | H81: Pembina Ekskul
A82: 1 | B82: =IF(B46="","",B46) -> RACHMAWATI | D82: =IF(D46="","",D46) -> 9563779680230043 | E82: =IF(E46="","",E46) -> Guru Kelas | F82: =IF(F46="","",F46) -> 650000 | G82: =IF(G46="","",G46) -> 250000 | H82: =IF(H46="","",H46) -> 100000 | J82: =IF(B82="","",SUM(F82:I82)) -> 1000000 | K82: =IF(K46="","",K46) -> GTT | L82: =IF(L46="","",L46) -> 1 | M82: =IF(M46="","",M46) -> Bulan | N82: =IFERROR(J82*0/100,"") -> 0 | O82: =IFERROR(SUM(J82*L82)-N82,"") -> 1000000 | P82: 1 | Q82: 2
A83: 2 | B83: =IF(B47="","",B47) | D83: =IF(D47="","",D47) | E83: =IF(E47="","",E47) | F83: =IF(F47="","",F47) | G83: =IF(G47="","",G47) | H83: =IF(H47="","",H47) | J83: =IF(B83="","",SUM(F83:I83)) | K83: =IF(K47="","",K47) | L83: =IF(L47="","",L47) | M83: =IF(M47="","",M47) | N83: =IFERROR(J83*0/100,"") | O83: =IFERROR(SUM(J83*L83)-N83,"")
A84: 3 | B84: =IF(B48="","",B48) | D84: =IF(D48="","",D48) | E84: =IF(E48="","",E48) | F84: =IF(F48="","",F48) | G84: =IF(G48="","",G48) | H84: =IF(H48="","",H48) | J84: =IF(B84="","",SUM(F84:I84)) | K84: =IF(K48="","",K48) | L84: =IF(L48="","",L48) | M84: =IF(M48="","",M48) | N84: =IFERROR(J84*0/100,"") | O84: =IFERROR(SUM(J84*L84)-N84,"") | P84: 3 | Q84: 4
A85: 4 | B85: =IF(B49="","",B49) | D85: =IF(D49="","",D49) | E85: =IF(E49="","",E49) | F85: =IF(F49="","",F49) | G85: =IF(G49="","",G49) | H85: =IF(H49="","",H49) | J85: =IF(B85="","",SUM(F85:I85)) | K85: =IF(K49="","",K49) | L85: =IF(L49="","",L49) | M85: =IF(M49="","",M49) | N85: =IFERROR(J85*0/100,"") | O85: =IFERROR(SUM(J85*L85)-N85,"")
A86: 5 | B86: =IF(B50="","",B50) | D86: =IF(D50="","",D50) | E86: =IF(E50="","",E50) | F86: =IF(F50="","",F50) | G86: =IF(G50="","",G50) | H86: =IF(H50="","",H50) | J86: =IF(B86="","",SUM(F86:I86)) | K86: =IF(K50="","",K50) | L86: =IF(L50="","",L50) | M86: =IF(M50="","",M50) | N86: =IFERROR(J86*0/100,"") | O86: =IFERROR(SUM(J86*L86)-N86,"") | P86: 5 | Q86: 6
A87: 6 | B87: =IF(B51="","",B51) | D87: =IF(D51="","",D51) | E87: =IF(E51="","",E51) | F87: =IF(F51="","",F51) | G87: =IF(G51="","",G51) | H87: =IF(H51="","",H51) | J87: =IF(B87="","",SUM(F87:I87)) | K87: =IF(K51="","",K51) | L87: =IF(L51="","",L51) | M87: =IF(M51="","",M51) | N87: =IFERROR(J87*0/100,"") | O87: =IFERROR(SUM(J87*L87)-N87,"")
A88: JUMLAH | J88: =SUM(J82:J87) -> 1000000 | N88: =SUM(N82:N87) -> 0 | O88: =SUM(O82:O87) -> 1000000
P90: Cikalongwetan, 1 Maret 2026
C91: Mengetahui/Menyetujui | P91: Dibayar Lunas Tgl. 5 Maret 2026
C92: Kepala Sekolah, | P92: Bendahara BOS,
C98: =IF(C62="","",C62) -> BADRUDDIN, S.Ag. | P98: =IF(P62="","",P62) -> DEDE GUNAWAN, S.Pd.
C99: =IF(C63="","",C63) -> NIP. 197405082014121002 | P99: =IF(P63="","",P63) -> NIP. 198507172020121003
A108: DAFTAR PENERIMA HONORARIUM/GAJI GURU TIDAK TETAP (PEMBAYARAN NON TUNAI)
A109: BULAN APRIL 2026
C111: Nomor | D111: : ____________________________ | N111: Program | O111: =O75 -> : 07 Pengembangan Standar Pembiayaan
C112: Nama Sekolah | D112: =D76 -> : SD NEGERI LEBAKLEUNGSIR | N112: Kegiatan | O112: =O76 -> : Pembayaran Honor Guru
C113: Kecamatan | D113: =D77 -> : Cikalongwetan | N113: Kode Rekening | O113: =O77 -> : 5.1.02.02.01.0013
C114: Kabupaten | D114: =D78 -> : Bandung Barat | N114: Kode Penggunaan | O114: =O78 -> : 12
A116: NO | B116: NAMA PTK | D116: NUPTK | E116: JABATAN | F116: Cost (Rp) | J116: JUMLAH (Rp) | K116: Gol. / Ruang | L116: VOLUME | N116: PPh 21 (non pegawai = 50% x PPh Bruto-PTKP (bulanan)) | O116: JUMLAH YANG DITERIMA (Rp) | P116: TANDA TANGAN
F117: Guru | G117: TAS/ Operator | H117: Pembina Ekskul
A118: 1 | B118: =IF(B82="","",B82) -> RACHMAWATI | D118: =IF(D82="","",D82) -> 9563779680230043 | E118: =IF(E82="","",E82) -> Guru Kelas | F118: =IF(F82="","",F82) -> 650000 | G118: =IF(G82="","",G82) -> 250000 | H118: =IF(H82="","",H82) -> 100000 | J118: =IF(B118="","",SUM(F118:I118)) -> 1000000 | K118: =IF(K82="","",K82) -> GTT | L118: =IF(L82="","",L82) -> 1 | M118: =IF(M82="","",M82) -> Bulan | N118: =IFERROR(J118*0/100,"") -> 0 | O118: =IFERROR(SUM(J118*L118)-N118,"") -> 1000000 | P118: 1 | Q118: 2
A119: 2 | B119: =IF(B83="","",B83) | D119: =IF(D83="","",D83) | E119: =IF(E83="","",E83) | F119: =IF(F83="","",F83) | G119: =IF(G83="","",G83) | H119: =IF(H83="","",H83) | J119: =IF(B119="","",SUM(F119:I119)) | K119: =IF(K83="","",K83) | L119: =IF(L83="","",L83) | M119: =IF(M83="","",M83) | N119: =IFERROR(J119*0/100,"") | O119: =IFERROR(SUM(J119*L119)-N119,"")
A120: 3 | B120: =IF(B84="","",B84) | D120: =IF(D84="","",D84) | E120: =IF(E84="","",E84) | F120: =IF(F84="","",F84) | G120: =IF(G84="","",G84) | H120: =IF(H84="","",H84) | J120: =IF(B120="","",SUM(F120:I120)) | K120: =IF(K84="","",K84) | L120: =IF(L84="","",L84) | M120: =IF(M84="","",M84) | N120: =IFERROR(J120*0/100,"") | O120: =IFERROR(SUM(J120*L120)-N120,"") | P120: 3 | Q120: 4
A121: 4 | B121: =IF(B85="","",B85) | D121: =IF(D85="","",D85) | E121: =IF(E85="","",E85) | F121: =IF(F85="","",F85) | G121: =IF(G85="","",G85) | H121: =IF(H85="","",H85) | J121: =IF(B121="","",SUM(F121:I121)) | K121: =IF(K85="","",K85) | L121: =IF(L85="","",L85) | M121: =IF(M85="","",M85) | N121: =IFERROR(J121*0/100,"") | O121: =IFERROR(SUM(J121*L121)-N121,"")
A122: 5 | B122: =IF(B86="","",B86) | D122: =IF(D86="","",D86) | E122: =IF(E86="","",E86) | F122: =IF(F86="","",F86) | G122: =IF(G86="","",G86) | H122: =IF(H86="","",H86) | J122: =IF(B122="","",SUM(F122:I122)) | K122: =IF(K86="","",K86) | L122: =IF(L86="","",L86) | M122: =IF(M86="","",M86) | N122: =IFERROR(J122*0/100,"") | O122: =IFERROR(SUM(J122*L122)-N122,"") | P122: 5 | Q122: 6
A123: 6 | B123: =IF(B87="","",B87) | D123: =IF(D87="","",D87) | E123: =IF(E87="","",E87) | F123: =IF(F87="","",F87) | G123: =IF(G87="","",G87) | H123: =IF(H87="","",H87) | J123: =IF(B123="","",SUM(F123:I123)) | K123: =IF(K87="","",K87) | L123: =IF(L87="","",L87) | M123: =IF(M87="","",M87) | N123: =IFERROR(J123*0/100,"") | O123: =IFERROR(SUM(J123*L123)-N123,"")
A124: JUMLAH | J124: =SUM(J118:J123) -> 1000000 | N124: =SUM(N118:N123) -> 0 | O124: =SUM(O118:O123) -> 1000000
P126: Cikalongwetan, 1 April 2026
C127: Mengetahui/Menyetujui | P127: Dibayar Lunas Tgl. 7 April 2026
C128: Kepala Sekolah, | P128: Bendahara BOS,
C134: =C98 -> BADRUDDIN, S.Ag. | P134: =IF(P98="","",P98) -> DEDE GUNAWAN, S.Pd.
C135: =C99 -> NIP. 197405082014121002 | P135: =IF(P99="","",P99) -> NIP. 198507172020121003
A144: DAFTAR PENERIMA HONORARIUM/GAJI GURU TIDAK TETAP (PEMBAYARAN NON TUNAI)
A145: BULAN MEI 2026
C147: Nomor | D147: : ____________________________ | N147: Program | O147: =O111 -> : 07 Pengembangan Standar Pembiayaan
C148: Nama Sekolah | D148: =D112 -> : SD NEGERI LEBAKLEUNGSIR | N148: Kegiatan | O148: =O112 -> : Pembayaran Honor Guru
C149: Kecamatan | D149: =D113 -> : Cikalongwetan | N149: Kode Rekening | O149: =O113 -> : 5.1.02.02.01.0013
C150: Kabupaten | D150: =D114 -> : Bandung Barat | N150: Kode Penggunaan | O150: =O114 -> : 12
A152: NO | B152: NAMA PTK | D152: NUPTK | E152: JABATAN | F152: Cost (Rp) | J152: JUMLAH (Rp) | K152: Gol. / Ruang | L152: VOLUME | N152: PPh 21 (non pegawai = 50% x PPh Bruto-PTKP (bulanan)) | O152: JUMLAH YANG DITERIMA (Rp) | P152: TANDA TANGAN
F153: Guru | G153: TAS/ Operator | H153: Pembina Ekskul
A154: 1 | B154: =IF(B118="","",B118) -> RACHMAWATI | D154: =IF(D118="","",D118) -> 9563779680230043 | E154: =IF(E118="","",E118) -> Guru Kelas | F154: =IF(F118="","",F118) -> 650000 | G154: =IF(G118="","",G118) -> 250000 | H154: =IF(H118="","",H118) -> 100000 | J154: =IF(B154="","",SUM(F154:I154)) -> 1000000 | K154: =IF(K118="","",K118) -> GTT | L154: =IF(L118="","",L118) -> 1 | M154: =IF(M118="","",M118) -> Bulan | N154: =IFERROR(J154*0/100,"") -> 0 | O154: =IFERROR(SUM(J154*L154)-N154,"") -> 1000000 | P154: 1 | Q154: 2
A155: 2 | B155: =IF(B119="","",B119) | D155: =IF(D119="","",D119) | E155: =IF(E119="","",E119) | F155: =IF(F119="","",F119) | G155: =IF(G119="","",G119) | H155: =IF(H119="","",H119) | J155: =IF(B155="","",SUM(F155:I155)) | K155: =IF(K119="","",K119) | L155: =IF(L119="","",L119) | M155: =IF(M119="","",M119) | N155: =IFERROR(J155*0/100,"") | O155: =IFERROR(SUM(J155*L155)-N155,"")
A156: 3 | B156: =IF(B120="","",B120) | D156: =IF(D120="","",D120) | E156: =IF(E120="","",E120) | F156: =IF(F120="","",F120) | G156: =IF(G120="","",G120) | H156: =IF(H120="","",H120) | J156: =IF(B156="","",SUM(F156:I156)) | K156: =IF(K120="","",K120) | L156: =IF(L120="","",L120) | M156: =IF(M120="","",M120) | N156: =IFERROR(J156*0/100,"") | O156: =IFERROR(SUM(J156*L156)-N156,"") | P156: 3 | Q156: 4
A157: 4 | B157: =IF(B121="","",B121) | D157: =IF(D121="","",D121) | E157: =IF(E121="","",E121) | F157: =IF(F121="","",F121) | G157: =IF(G121="","",G121) | H157: =IF(H121="","",H121) | J157: =IF(B157="","",SUM(F157:I157)) | K157: =IF(K121="","",K121) | L157: =IF(L121="","",L121) | M157: =IF(M121="","",M121) | N157: =IFERROR(J157*0/100,"") | O157: =IFERROR(SUM(J157*L157)-N157,"")
A158: 5 | B158: =IF(B122="","",B122) | D158: =IF(D122="","",D122) | E158: =IF(E122="","",E122) | F158: =IF(F122="","",F122) | G158: =IF(G122="","",G122) | H158: =IF(H122="","",H122) | J158: =IF(B158="","",SUM(F158:I158)) | K158: =IF(K122="","",K122) | L158: =IF(L122="","",L122) | M158: =IF(M122="","",M122) | N158: =IFERROR(J158*0/100,"") | O158: =IFERROR(SUM(J158*L158)-N158,"") | P158: 5 | Q158: 6
A159: 6 | B159: =IF(B123="","",B123) | D159: =IF(D123="","",D123) | E159: =IF(E123="","",E123) | F159: =IF(F123="","",F123) | G159: =IF(G123="","",G123) | H159: =IF(H123="","",H123) | J159: =IF(B159="","",SUM(F159:I159)) | K159: =IF(K123="","",K123) | L159: =IF(L123="","",L123) | M159: =IF(M123="","",M123) | N159: =IFERROR(J159*0/100,"") | O159: =IFERROR(SUM(J159*L159)-N159,"")
A160: JUMLAH | J160: =SUM(J154:J159) -> 1000000 | N160: =SUM(N154:N159) -> 0 | O160: =SUM(O154:O159) -> 1000000
P162: Cikalongwetan, 2 Mei 2026
C163: Mengetahui/Menyetujui | P163: Dibayar Lunas Tgl. 5 Mei 2026
C164: Kepala Sekolah, | P164: Bendahara BOS,
C170: =IF(C134="","",C134) -> BADRUDDIN, S.Ag. | P170: =IF(P134="","",P134) -> DEDE GUNAWAN, S.Pd.
C171: =IF(C135="","",C135) -> NIP. 197405082014121002 | P171: =IF(P135="","",P135) -> NIP. 198507172020121003
...

Sheet Honor_tendik
A1: DAFTAR PENERIMA HONORARIUM/GAJI TENAGA ADMINISTRASI SEKOLAH TIDAK TETAP (PEMBAYARAN NON TUNAI)
A2: =Honor_guru!A2 -> BULAN JANUARI 2026
C4: Nomor | D4: =Honor_guru!D4 -> : ____________________________ | M4: Program | N4: : 07 Pengembangan Standar Pembiayaan
C5: Nama Sekolah | D5: =Honor_guru!D5 -> : SD NEGERI LEBAKLEUNGSIR | M5: Kegiatan | N5: : Pembayaran Honor Tenaga Kependidikan
C6: Kecamatan | D6: =Honor_guru!D6 -> : Cikalongwetan | M6: Kode Rekening | N6: : 5.1.02.02.01.0013
C7: Kabupaten | D7: =Honor_guru!D7 -> : Bandung Barat | M7: Kode Penggunaan | N7: : 12
A9: NO | B9: NAMA PTK | D9: JABATAN | E9: Cost (Rp) | I9: JUMLAH (Rp) | J9: Gol. / Ruang | K9: VOLUME | M9: PPh 21 (non pegawai = 50% x PPh Bruto-PTKP (bulanan)) | N9: JUMLAH YANG DITERIMA (Rp) | O9: TANDA TANGAN
E10: TAS/ Operator | F10: Guru | G10: Pembina Ekskul | H10: Tenaga Perpustakaan
A11: 1 | I11: =IF(B11="","",SUM(E11:H11)) | J11: PTT | K11: 1 | L11: Bulan | M11: =IFERROR(I11*0/100,"") | N11: =IFERROR(SUM(I11*K11)-M11,"") | O11: 1 | P11: 2
A12: 2 | I12: =IF(B12="","",SUM(E12:H12)) | M12: =IFERROR(I12*0/100,"") | N12: =IFERROR(SUM(I12*K12)-M12,"")
A13: 3 | I13: =IF(B13="","",SUM(E13:H13)) | M13: =IFERROR(I13*0/100,"") | N13: =IFERROR(SUM(I13*K13)-M13,"") | O13: 3 | P13: 4
A14: 4 | I14: =IF(B14="","",SUM(E14:H14)) | M14: =IFERROR(I14*0/100,"") | N14: =IFERROR(SUM(I14*K14)-M14,"")
A15: 5 | I15: =IF(B15="","",SUM(E15:H15)) | M15: =IFERROR(I15*0/100,"") | N15: =IFERROR(SUM(I15*K15)-M15,"") | O15: 5 | P15: 6
A16: 6 | I16: =IF(B16="","",SUM(E16:H16)) | M16: =IFERROR(I16*0/100,"") | N16: =IFERROR(SUM(I16*K16)-M16,"")
A17: JUMLAH | I17: =SUM(I11:I16) -> 0 | M17: =SUM(M11:M16) -> 0 | N17: =SUM(N11:N16) -> 0
O19: =Honor_guru!P19 -> Cikalongwetan, 2 Januari 2026
C20: Mengetahui/Menyetujui | O20: =Honor_guru!P20 -> Dibayar Lunas Tgl. 4 Februari 2026
C21: Kepala Sekolah, | O21: Bendahara BOS,
C27: =Honor_guru!C27 -> BADRUDDIN, S.Ag. | O27: =Honor_guru!P27 -> DEDE GUNAWAN, S.Pd.
C28: =Honor_guru!C28 -> NIP. 197405082014121002 | O28: =Honor_guru!P28 -> NIP. 198507172020121003
A42: =$A$1 -> DAFTAR PENERIMA HONORARIUM/GAJI TENAGA ADMINISTRASI SEKOLAH TIDAK TETAP (PEMBAYARAN NON TUNAI)
A43: =Honor_guru!A37 -> BULAN FEBRUARI 2026
C45: Nomor | D45: : ____________________________ | M45: Program | N45: =N4 -> : 07 Pengembangan Standar Pembiayaan
C46: Nama Sekolah | D46: =D5 -> : SD NEGERI LEBAKLEUNGSIR | M46: Kegiatan | N46: =N5 -> : Pembayaran Honor Tenaga Kependidikan
C47: Kecamatan | D47: =D6 -> : Cikalongwetan | M47: Kode Rekening | N47: =N6 -> : 5.1.02.02.01.0013
C48: Kabupaten | D48: =D7 -> : Bandung Barat | M48: Kode Penggunaan | N48: =N7 -> : 12
A50: NO | B50: NAMA PTK | D50: JABATAN | E50: Cost (Rp) | I50: JUMLAH (Rp) | J50: Gol. / Ruang | K50: VOLUME | M50: PPh 21 (non pegawai = 50% x PPh Bruto-PTKP (bulanan)) | N50: JUMLAH YANG DITERIMA (Rp) | O50: TANDA TANGAN
E51: =IF(E10="","",E10) -> TAS/ Operator | F51: =IF(F10="","",F10) -> Guru | G51: =IF(G10="","",G10) -> Pembina Ekskul | H51: =IF(H10="","",H10) -> Tenaga Perpustakaan
A52: 1 | B52: =IF(B11="","",B11) | D52: =IF(D11="","",D11) | E52: =IF(E11="","",E11) | F52: =IF(F11="","",F11) | G52: =IF(G11="","",G11) | H52: =IF(H11="","",H11) | I52: =IF(B52="","",SUM(E52:H52)) | J52: =IF(J11="","",J11) -> PTT | K52: =IF(K11="","",K11) -> 1 | L52: =IF(L11="","",L11) -> Bulan | M52: =IFERROR(I52*0/100,"") | N52: =IFERROR(SUM(I52*K52)-M52,"") | O52: 1 | P52: 2
A53: 2 | B53: =IF(B12="","",B12) | D53: =IF(D12="","",D12) | E53: =IF(E12="","",E12) | F53: =IF(F12="","",F12) | G53: =IF(G12="","",G12) | H53: =IF(H12="","",H12) | I53: =IF(B53="","",SUM(E53:H53)) | J53: =IF(J12="","",J12) | K53: =IF(K12="","",K12) | L53: =IF(L12="","",L12) | M53: =IFERROR(I53*0/100,"") | N53: =IFERROR(SUM(I53*K53)-M53,"")
A54: 3 | B54: =IF(B13="","",B13) | D54: =IF(D13="","",D13) | E54: =IF(E13="","",E13) | F54: =IF(F13="","",F13) | G54: =IF(G13="","",G13) | H54: =IF(H13="","",H13) | I54: =IF(B54="","",SUM(E54:H54)) | J54: =IF(J13="","",J13) | K54: =IF(K13="","",K13) | L54: =IF(L13="","",L13) | M54: =IFERROR(I54*0/100,"") | N54: =IFERROR(SUM(I54*K54)-M54,"") | O54: 3 | P54: 4
A55: 4 | B55: =IF(B14="","",B14) | D55: =IF(D14="","",D14) | E55: =IF(E14="","",E14) | F55: =IF(F14="","",F14) | G55: =IF(G14="","",G14) | H55: =IF(H14="","",H14) | I55: =IF(B55="","",SUM(E55:H55)) | J55: =IF(J14="","",J14) | K55: =IF(K14="","",K14) | L55: =IF(L14="","",L14) | M55: =IFERROR(I55*0/100,"") | N55: =IFERROR(SUM(I55*K55)-M55,"")
A56: 5 | B56: =IF(B15="","",B15) | D56: =IF(D15="","",D15) | E56: =IF(E15="","",E15) | F56: =IF(F15="","",F15) | G56: =IF(G15="","",G15) | H56: =IF(H15="","",H15) | I56: =IF(B56="","",SUM(E56:H56)) | J56: =IF(J15="","",J15) | K56: =IF(K15="","",K15) | L56: =IF(L15="","",L15) | M56: =IFERROR(I56*0/100,"") | N56: =IFERROR(SUM(I56*K56)-M56,"") | O56: 5 | P56: 6
A57: 6 | B57: =IF(B16="","",B16) | D57: =IF(D16="","",D16) | E57: =IF(E16="","",E16) | F57: =IF(F16="","",F16) | G57: =IF(G16="","",G16) | H57: =IF(H16="","",H16) | I57: =IF(B57="","",SUM(E57:H57)) | J57: =IF(J16="","",J16) | K57: =IF(K16="","",K16) | L57: =IF(L16="","",L16) | M57: =IFERROR(I57*0/100,"") | N57: =IFERROR(SUM(I57*K57)-M57,"")
A58: JUMLAH | I58: =SUM(I52:I57) -> 0 | M58: =SUM(M52:M57) -> 0 | N58: =SUM(N52:N57) -> 0
O60: =Honor_guru!P54 -> Cikalongwetan, 1 Februari 2026
C61: Mengetahui/Menyetujui | O61: =Honor_guru!P55 -> Dibayar Lunas Tgl. 4 Februari 2026
C62: Kepala Sekolah, | O62: Bendahara BOS,
C68: =IF(C27="","",C27) -> BADRUDDIN, S.Ag. | O68: =IF(O27="","",O27) -> DEDE GUNAWAN, S.Pd.
C69: =IF(C28="","",C28) -> NIP. 197405082014121002 | O69: =IF(O28="","",O28) -> NIP. 198507172020121003
A83: =$A$1 -> DAFTAR PENERIMA HONORARIUM/GAJI TENAGA ADMINISTRASI SEKOLAH TIDAK TETAP (PEMBAYARAN NON TUNAI)
A84: =Honor_guru!A73 -> BULAN MARET 2026
C86: Nomor | D86: : ____________________________ | M86: Program | N86: =N45 -> : 07 Pengembangan Standar Pembiayaan
C87: Nama Sekolah | D87: =D46 -> : SD NEGERI LEBAKLEUNGSIR | M87: Kegiatan | N87: =N46 -> : Pembayaran Honor Tenaga Kependidikan
C88: Kecamatan | D88: =D47 -> : Cikalongwetan | M88: Kode Rekening | N88: =N47 -> : 5.1.02.02.01.0013
C89: Kabupaten | D89: =D48 -> : Bandung Barat | M89: Kode Penggunaan | N89: =N48 -> : 12
A91: NO | B91: NAMA PTK | D91: JABATAN | E91: Cost (Rp) | I91: JUMLAH (Rp) | J91: Gol. / Ruang | K91: VOLUME | M91: PPh 21 (non pegawai = 50% x PPh Bruto-PTKP (bulanan)) | N91: JUMLAH YANG DITERIMA (Rp) | O91: TANDA TANGAN
E92: =IF(E51="","",E51) -> TAS/ Operator | F92: =IF(F51="","",F51) -> Guru | G92: =IF(G51="","",G51) -> Pembina Ekskul | H92: =IF(H51="","",H51) -> Tenaga Perpustakaan
A93: 1 | B93: =IF(B52="","",B52) | D93: =IF(D52="","",D52) | E93: =IF(E52="","",E52) | F93: =IF(F52="","",F52) | G93: =IF(G52="","",G52) | H93: =IF(H52="","",H52) | I93: =IF(B93="","",SUM(E93:H93)) | J93: =IF(J52="","",J52) -> PTT | K93: =IF(K52="","",K52) -> 1 | L93: =IF(L52="","",L52) -> Bulan | M93: =IFERROR(I93*0/100,"") | N93: =IFERROR(SUM(I93*K93)-M93,"") | O93: 1 | P93: 2
A94: 2 | B94: =IF(B53="","",B53) | D94: =IF(D53="","",D53) | E94: =IF(E53="","",E53) | F94: =IF(F53="","",F53) | G94: =IF(G53="","",G53) | H94: =IF(H53="","",H53) | I94: =IF(B94="","",SUM(E94:H94)) | J94: =IF(J53="","",J53) | K94: =IF(K53="","",K53) | L94: =IF(L53="","",L53) | M94: =IFERROR(I94*0/100,"") | N94: =IFERROR(SUM(I94*K94)-M94,"")
A95: 3 | B95: =IF(B54="","",B54) | D95: =IF(D54="","",D54) | E95: =IF(E54="","",E54) | F95: =IF(F54="","",F54) | G95: =IF(G54="","",G54) | H95: =IF(H54="","",H54) | I95: =IF(B95="","",SUM(E95:H95)) | J95: =IF(J54="","",J54) | K95: =IF(K54="","",K54) | L95: =IF(L54="","",L54) | M95: =IFERROR(I95*0/100,"") | N95: =IFERROR(SUM(I95*K95)-M95,"") | O95: 3 | P95: 4
A96: 4 | B96: =IF(B55="","",B55) | D96: =IF(D55="","",D55) | E96: =IF(E55="","",E55) | F96: =IF(F55="","",F55) | G96: =IF(G55="","",G55) | H96: =IF(H55="","",H55) | I96: =IF(B96="","",SUM(E96:H96)) | J96: =IF(J55="","",J55) | K96: =IF(K55="","",K55) | L96: =IF(L55="","",L55) | M96: =IFERROR(I96*0/100,"") | N96: =IFERROR(SUM(I96*K96)-M96,"")
A97: 5 | B97: =IF(B56="","",B56) | D97: =IF(D56="","",D56) | E97: =IF(E56="","",E56) | F97: =IF(F56="","",F56) | G97: =IF(G56="","",G56) | H97: =IF(H56="","",H56) | I97: =IF(B97="","",SUM(E97:H97)) | J97: =IF(J56="","",J56) | K97: =IF(K56="","",K56) | L97: =IF(L56="","",L56) | M97: =IFERROR(I97*0/100,"") | N97: =IFERROR(SUM(I97*K97)-M97,"") | O97: 5 | P97: 6
A98: 6 | B98: =IF(B57="","",B57) | D98: =IF(D57="","",D57) | E98: =IF(E57="","",E57) | F98: =IF(F57="","",F57) | G98: =IF(G57="","",G57) | H98: =IF(H57="","",H57) | I98: =IF(B98="","",SUM(E98:H98)) | J98: =IF(J57="","",J57) | K98: =IF(K57="","",K57) | L98: =IF(L57="","",L57) | M98: =IFERROR(I98*0/100,"") | N98: =IFERROR(SUM(I98*K98)-M98,"")
A99: JUMLAH | I99: =SUM(I93:I98) -> 0 | M99: =SUM(M93:M98) -> 0 | N99: =SUM(N93:N98) -> 0
O101: =Honor_guru!P90 -> Cikalongwetan, 1 Maret 2026
C102: Mengetahui/Menyetujui | O102: =Honor_guru!P91 -> Dibayar Lunas Tgl. 5 Maret 2026
C103: Kepala Sekolah, | O103: Bendahara BOS,
C109: =IF(C68="","",C68) -> BADRUDDIN, S.Ag. | O109: =IF(O68="","",O68) -> DEDE GUNAWAN, S.Pd.
C110: =IF(C69="","",C69) -> NIP. 197405082014121002 | O110: =IF(O69="","",O69) -> NIP. 198507172020121003
A124: =$A$1 -> DAFTAR PENERIMA HONORARIUM/GAJI TENAGA ADMINISTRASI SEKOLAH TIDAK TETAP (PEMBAYARAN NON TUNAI)
A125: =Honor_guru!A109 -> BULAN APRIL 2026
C127: Nomor | D127: : ____________________________ | M127: Program | N127: =N86 -> : 07 Pengembangan Standar Pembiayaan
C128: Nama Sekolah | D128: =D87 -> : SD NEGERI LEBAKLEUNGSIR | M128: Kegiatan | N128: =N87 -> : Pembayaran Honor Tenaga Kependidikan
C129: Kecamatan | D129: =D88 -> : Cikalongwetan | M129: Kode Rekening | N129: =N88 -> : 5.1.02.02.01.0013
C130: Kabupaten | D130: =D89 -> : Bandung Barat | M130: Kode Penggunaan | N130: =N89 -> : 12
A132: NO | B132: NAMA PTK | D132: JABATAN | E132: Cost (Rp) | I132: JUMLAH (Rp) | J132: Gol. / Ruang | K132: VOLUME | M132: PPh 21 (non pegawai = 50% x PPh Bruto-PTKP (bulanan)) | N132: JUMLAH YANG DITERIMA (Rp) | O132: TANDA TANGAN
E133: =IF(E92="","",E92) -> TAS/ Operator | F133: =IF(F92="","",F92) -> Guru | G133: =IF(G92="","",G92) -> Pembina Ekskul | H133: =IF(H92="","",H92) -> Tenaga Perpustakaan
A134: 1 | B134: =IF(B93="","",B93) | D134: =IF(D93="","",D93) | E134: =IF(E93="","",E93) | F134: =IF(F93="","",F93) | G134: =IF(G93="","",G93) | H134: =IF(H93="","",H93) | I134: =IF(B134="","",SUM(E134:H134)) | J134: =IF(J93="","",J93) -> PTT | K134: =IF(K93="","",K93) -> 1 | L134: =IF(L93="","",L93) -> Bulan | M134: =IFERROR(I134*0/100,"") | N134: =IFERROR(SUM(I134*K134)-M134,"") | O134: 1 | P134: 2
A135: 2 | B135: =IF(B94="","",B94) | D135: =IF(D94="","",D94) | E135: =IF(E94="","",E94) | F135: =IF(F94="","",F94) | G135: =IF(G94="","",G94) | H135: =IF(H94="","",H94) | I135: =IF(B135="","",SUM(E135:H135)) | J135: =IF(J94="","",J94) | K135: =IF(K94="","",K94) | L135: =IF(L94="","",L94) | M135: =IFERROR(I135*0/100,"") | N135: =IFERROR(SUM(I135*K135)-M135,"")
A136: 3 | B136: =IF(B95="","",B95) | D136: =IF(D95="","",D95) | E136: =IF(E95="","",E95) | F136: =IF(F95="","",F95) | G136: =IF(G95="","",G95) | H136: =IF(H95="","",H95) | I136: =IF(B136="","",SUM(E136:H136)) | J136: =IF(J95="","",J95) | K136: =IF(K95="","",K95) | L136: =IF(L95="","",L95) | M136: =IFERROR(I136*0/100,"") | N136: =IFERROR(SUM(I136*K136)-M136,"") | O136: 3 | P136: 4
A137: 4 | B137: =IF(B96="","",B96) | D137: =IF(D96="","",D96) | E137: =IF(E96="","",E96) | F137: =IF(F96="","",F96) | G137: =IF(G96="","",G96) | H137: =IF(H96="","",H96) | I137: =IF(B137="","",SUM(E137:H137)) | J137: =IF(J96="","",J96) | K137: =IF(K96="","",K96) | L137: =IF(L96="","",L96) | M137: =IFERROR(I137*0/100,"") | N137: =IFERROR(SUM(I137*K137)-M137,"")
A138: 5 | B138: =IF(B97="","",B97) | D138: =IF(D97="","",D97) | E138: =IF(E97="","",E97) | F138: =IF(F97="","",F97) | G138: =IF(G97="","",G97) | H138: =IF(H97="","",H97) | I138: =IF(B138="","",SUM(E138:H138)) | J138: =IF(J97="","",J97) | K138: =IF(K97="","",K97) | L138: =IF(L97="","",L97) | M138: =IFERROR(I138*0/100,"") | N138: =IFERROR(SUM(I138*K138)-M138,"") | O138: 5 | P138: 6
A139: 6 | B139: =IF(B98="","",B98) | D139: =IF(D98="","",D98) | E139: =IF(E98="","",E98) | F139: =IF(F98="","",F98) | G139: =IF(G98="","",G98) | H139: =IF(H98="","",H98) | I139: =IF(B139="","",SUM(E139:H139)) | J139: =IF(J98="","",J98) | K139: =IF(K98="","",K98) | L139: =IF(L98="","",L98) | M139: =IFERROR(I139*0/100,"") | N139: =IFERROR(SUM(I139*K139)-M139,"")
A140: JUMLAH | I140: =SUM(I134:I139) -> 0 | M140: =SUM(M134:M139) -> 0 | N140: =SUM(N134:N139) -> 0
O142: =Honor_guru!P126 -> Cikalongwetan, 1 April 2026
C143: Mengetahui/Menyetujui | O143: =Honor_guru!P127 -> Dibayar Lunas Tgl. 7 April 2026
C144: Kepala Sekolah, | O144: Bendahara BOS,
C150: =Honor_guru!C134 -> BADRUDDIN, S.Ag. | O150: =IF(O109="","",O109) -> DEDE GUNAWAN, S.Pd.
C151: =Honor_guru!C135 -> NIP. 197405082014121002 | O151: =IF(O110="","",O110) -> NIP. 198507172020121003
A165: =$A$1 -> DAFTAR PENERIMA HONORARIUM/GAJI TENAGA ADMINISTRASI SEKOLAH TIDAK TETAP (PEMBAYARAN NON TUNAI)
A166: =Honor_guru!A145 -> BULAN MEI 2026
C168: Nomor | D168: : ____________________________ | M168: Program | N168: =N127 -> : 07 Pengembangan Standar Pembiayaan
C169: Nama Sekolah | D169: =D128 -> : SD NEGERI LEBAKLEUNGSIR | M169: Kegiatan | N169: =N128 -> : Pembayaran Honor Tenaga Kependidikan
C170: Kecamatan | D170: =D129 -> : Cikalongwetan | M170: Kode Rekening | N170: =N129 -> : 5.1.02.02.01.0013
C171: Kabupaten | D171: =D130 -> : Bandung Barat | M171: Kode Penggunaan | N171: =N130 -> : 12
A173: NO | B173: NAMA PTK | D173: JABATAN | E173: Cost (Rp) | I173: JUMLAH (Rp) | J173: Gol. / Ruang | K173: VOLUME | M173: PPh 21 (non pegawai = 50% x PPh Bruto-PTKP (bulanan)) | N173: JUMLAH YANG DITERIMA (Rp) | O173: TANDA TANGAN
E174: =IF(E133="","",E133) -> TAS/ Operator | F174: =IF(F133="","",F133) -> Guru | G174: =IF(G133="","",G133) -> Pembina Ekskul | H174: =IF(H133="","",H133) -> Tenaga Perpustakaan
A175: 1 | B175: =IF(B134="","",B134) | D175: =IF(D134="","",D134) | E175: =IF(E134="","",E134) | F175: =IF(F134="","",F134) | G175: =IF(G134="","",G134) | H175: =IF(H134="","",H134) | I175: =IF(B175="","",SUM(E175:H175)) | J175: =IF(J134="","",J134) -> PTT | K175: =IF(K134="","",K134) -> 1 | L175: =IF(L134="","",L134) -> Bulan | M175: =IFERROR(I175*0/100,"") | N175: =IFERROR(SUM(I175*K175)-M175,"") | O175: 1 | P175: 2
A176: 2 | B176: =IF(B135="","",B135) | D176: =IF(D135="","",D135) | E176: =IF(E135="","",E135) | F176: =IF(F135="","",F135) | G176: =IF(G135="","",G135) | H176: =IF(H135="","",H135) | I176: =IF(B176="","",SUM(E176:H176)) | J176: =IF(J135="","",J135) | K176: =IF(K135="","",K135) | L176: =IF(L135="","",L135) | M176: =IFERROR(I176*0/100,"") | N176: =IFERROR(SUM(I176*K176)-M176,"")
A177: 3 | B177: =IF(B136="","",B136) | D177: =IF(D136="","",D136) | E177: =IF(E136="","",E136) | F177: =IF(F136="","",F136) | G177: =IF(G136="","",G136) | H177: =IF(H136="","",H136) | I177: =IF(B177="","",SUM(E177:H177)) | J177: =IF(J136="","",J136) | K177: =IF(K136="","",K136) | L177: =IF(L136="","",L136) | M177: =IFERROR(I177*0/100,"") | N177: =IFERROR(SUM(I177*K177)-M177,"") | O177: 3 | P177: 4
A178: 4 | B178: =IF(B137="","",B137) | D178: =IF(D137="","",D137) | E178: =IF(E137="","",E137) | F178: =IF(F137="","",F137) | G178: =IF(G137="","",G137) | H178: =IF(H137="","",H137) | I178: =IF(B178="","",SUM(E178:H178)) | J178: =IF(J137="","",J137) | K178: =IF(K137="","",K137) | L178: =IF(L137="","",L137) | M178: =IFERROR(I178*0/100,"") | N178: =IFERROR(SUM(I178*K178)-M178,"")
A179: 5 | B179: =IF(B138="","",B138) | D179: =IF(D138="","",D138) | E179: =IF(E138="","",E138) | F179: =IF(F138="","",F138) | G179: =IF(G138="","",G138) | H179: =IF(H138="","",H138) | I179: =IF(B179="","",SUM(E179:H179)) | J179: =IF(J138="","",J138) | K179: =IF(K138="","",K138) | L179: =IF(L138="","",L138) | M179: =IFERROR(I179*0/100,"") | N179: =IFERROR(SUM(I179*K179)-M179,"") | O179: 5 | P179: 6
A180: 6 | B180: =IF(B139="","",B139) | D180: =IF(D139="","",D139) | E180: =IF(E139="","",E139) | F180: =IF(F139="","",F139) | G180: =IF(G139="","",G139) | H180: =IF(H139="","",H139) | I180: =IF(B180="","",SUM(E180:H180)) | J180: =IF(J139="","",J139) | K180: =IF(K139="","",K139) | L180: =IF(L139="","",L139) | M180: =IFERROR(I180*0/100,"") | N180: =IFERROR(SUM(I180*K180)-M180,"")
A181: JUMLAH | I181: =SUM(I175:I180) -> 0 | M181: =SUM(M175:M180) -> 0 | N181: =SUM(N175:N180) -> 0
O183: =Honor_guru!P162 -> Cikalongwetan, 2 Mei 2026
C184: Mengetahui/Menyetujui | O184: =Honor_guru!P163 -> Dibayar Lunas Tgl. 5 Mei 2026
C185: Kepala Sekolah, | O185: Bendahara BOS,
C191: =IF(C150="","",C150) -> BADRUDDIN, S.Ag. | O191: =IF(O150="","",O150) -> DEDE GUNAWAN, S.Pd.
C192: =IF(C151="","",C151) -> NIP. 197405082014121002 | O192: =IF(O151="","",O151) -> NIP. 198507172020121003
...

Sheet Honor_Perpus
A1: DAFTAR PENERIMA HONORARIUM/GAJI TENAGA PERPUSTAKAAN TIDAK TETAP (PEMBAYARAN NON TUNAI)
A2: =Honor_guru!A2 -> BULAN JANUARI 2026
C4: Nomor | D4: =Honor_guru!D4 -> : ____________________________ | M4: Program | N4: : 07 Pengembangan Standar Pembiayaan
C5: Nama Sekolah | D5: =Honor_guru!D5 -> : SD NEGERI LEBAKLEUNGSIR | M5: Kegiatan | N5: : Pembayaran Honor (Tenaga Perpustakaan)
C6: Kecamatan | D6: =Honor_guru!D6 -> : Cikalongwetan | M6: Kode Rekening | N6: : 5.1.02.02.01.0013
C7: Kabupaten | D7: =Honor_guru!D7 -> : Bandung Barat | M7: Kode Penggunaan | N7: : 12
A9: NO | B9: NAMA PTK | D9: JABATAN | E9: Cost (Rp) | I9: JUMLAH (Rp) | J9: Gol. / Ruang | K9: VOLUME | M9: PPh 21 (non pegawai = 50% x PPh Bruto-PTKP (bulanan)) | N9: JUMLAH YANG DITERIMA (Rp) | O9: TANDA TANGAN
E10: Tenaga Perpustakaan | F10: Pembina Ekskul | G10: Guru | H10: TAS/ Operator
A11: 1 | B11: LINDAWATI | D11: Tenaga Perpustakaan | E11: 700000 | G11: - | I11: =IF(B11="","",SUM(E11:H11)) -> 700000 | J11: PTT | K11: 1 | L11: Bulan | M11: =IFERROR(I11*0/100,"") -> 0 | N11: =IFERROR(SUM(I11*K11)-M11,"") -> 700000 | O11: 1 | P11: 2
A12: 2 | I12: =IF(B12="","",SUM(E12:H12)) | M12: =IFERROR(I12*0/100,"") | N12: =IFERROR(SUM(I12*K12)-M12,"")
A13: 3 | I13: =IF(B13="","",SUM(E13:H13)) | M13: =IFERROR(I13*0/100,"") | N13: =IFERROR(SUM(I13*K13)-M13,"") | O13: 3 | P13: 4
A14: 4 | I14: =IF(B14="","",SUM(E14:H14)) | M14: =IFERROR(I14*0/100,"") | N14: =IFERROR(SUM(I14*K14)-M14,"")
A15: 5 | I15: =IF(B15="","",SUM(E15:H15)) | M15: =IFERROR(I15*0/100,"") | N15: =IFERROR(SUM(I15*K15)-M15,"") | O15: 5 | P15: 6
A16: 6 | I16: =IF(B16="","",SUM(E16:H16)) | M16: =IFERROR(I16*0/100,"") | N16: =IFERROR(SUM(I16*K16)-M16,"")
D17: JUMLAH | I17: =SUM(I11:I16) -> 700000 | M17: =SUM(M11:M16) -> 0 | N17: =SUM(N11:N16) -> 700000
O19: =Honor_guru!P19 -> Cikalongwetan, 2 Januari 2026
C20: Mengetahui/Menyetujui | O20: =Honor_guru!P20 -> Dibayar Lunas Tgl. 4 Februari 2026
C21: Kepala Sekolah, | O21: Bendahara BOS,
C27: =Honor_guru!C27 -> BADRUDDIN, S.Ag. | O27: =Honor_guru!P27 -> DEDE GUNAWAN, S.Pd.
C28: =Honor_guru!C28 -> NIP. 197405082014121002 | O28: =Honor_guru!P28 -> NIP. 198507172020121003
A36: =$A$1 -> DAFTAR PENERIMA HONORARIUM/GAJI TENAGA PERPUSTAKAAN TIDAK TETAP (PEMBAYARAN NON TUNAI)
A37: =Honor_guru!A37 -> BULAN FEBRUARI 2026
C39: Nomor | D39: : ____________________________ | M39: Program | N39: =N4 -> : 07 Pengembangan Standar Pembiayaan
C40: Nama Sekolah | D40: =D5 -> : SD NEGERI LEBAKLEUNGSIR | M40: Kegiatan | N40: =N5 -> : Pembayaran Honor (Tenaga Perpustakaan)
C41: Kecamatan | D41: =D6 -> : Cikalongwetan | M41: Kode Rekening | N41: =N6 -> : 5.1.02.02.01.0013
C42: Kabupaten | D42: =D7 -> : Bandung Barat | M42: Kode Penggunaan | N42: =N7 -> : 12
A44: NO | B44: NAMA PTK | D44: JABATAN | E44: Cost (Rp) | I44: JUMLAH (Rp) | J44: Gol. / Ruang | K44: VOLUME | M44: PPh 21 (non pegawai = 50% x PPh Bruto-PTKP (bulanan)) | N44: JUMLAH YANG DITERIMA (Rp) | O44: TANDA TANGAN
E45: =IF(E10="","",E10) -> Tenaga Perpustakaan | F45: =IF(F10="","",F10) -> Pembina Ekskul | G45: =IF(G10="","",G10) -> Guru | H45: =IF(H10="","",H10) -> TAS/ Operator
A46: 1 | B46: =IF(B11="","",B11) -> LINDAWATI | D46: =IF(D11="","",D11) -> Tenaga Perpustakaan | E46: =IF(E11="","",E11) -> 700000 | F46: =IF(F11="","",F11) | G46: =IF(G11="","",G11) -> - | H46: =IF(H11="","",H11) | I46: =IF(B46="","",SUM(E46:H46)) -> 700000 | J46: =IF(J11="","",J11) -> PTT | K46: =IF(K11="","",K11) -> 1 | L46: =IF(L11="","",L11) -> Bulan | M46: =IFERROR(I46*0/100,"") -> 0 | N46: =IFERROR(SUM(I46*K46)-M46,"") -> 700000 | O46: 1 | P46: 2
A47: 2 | B47: =IF(B12="","",B12) | D47: =IF(D12="","",D12) | E47: =IF(E12="","",E12) | F47: =IF(F12="","",F12) | G47: =IF(G12="","",G12) | H47: =IF(H12="","",H12) | I47: =IF(B47="","",SUM(E47:H47)) | J47: =IF(J12="","",J12) | K47: =IF(K12="","",K12) | L47: =IF(L12="","",L12) | M47: =IFERROR(I47*0/100,"") | N47: =IFERROR(SUM(I47*K47)-M47,"")
A48: 3 | B48: =IF(B13="","",B13) | D48: =IF(D13="","",D13) | E48: =IF(E13="","",E13) | F48: =IF(F13="","",F13) | G48: =IF(G13="","",G13) | H48: =IF(H13="","",H13) | I48: =IF(B48="","",SUM(E48:H48)) | J48: =IF(J13="","",J13) | K48: =IF(K13="","",K13) | L48: =IF(L13="","",L13) | M48: =IFERROR(I48*0/100,"") | N48: =IFERROR(SUM(I48*K48)-M48,"") | O48: 3 | P48: 4
A49: 4 | B49: =IF(B14="","",B14) | D49: =IF(D14="","",D14) | E49: =IF(E14="","",E14) | F49: =IF(F14="","",F14) | G49: =IF(G14="","",G14) | H49: =IF(H14="","",H14) | I49: =IF(B49="","",SUM(E49:H49)) | J49: =IF(J14="","",J14) | K49: =IF(K14="","",K14) | L49: =IF(L14="","",L14) | M49: =IFERROR(I49*0/100,"") | N49: =IFERROR(SUM(I49*K49)-M49,"")
A50: 5 | B50: =IF(B15="","",B15) | D50: =IF(D15="","",D15) | E50: =IF(E15="","",E15) | F50: =IF(F15="","",F15) | G50: =IF(G15="","",G15) | H50: =IF(H15="","",H15) | I50: =IF(B50="","",SUM(E50:H50)) | J50: =IF(J15="","",J15) | K50: =IF(K15="","",K15) | L50: =IF(L15="","",L15) | M50: =IFERROR(I50*0/100,"") | N50: =IFERROR(SUM(I50*K50)-M50,"") | O50: 5 | P50: 6
A51: 6 | B51: =IF(B16="","",B16) | D51: =IF(D16="","",D16) | E51: =IF(E16="","",E16) | F51: =IF(F16="","",F16) | G51: =IF(G16="","",G16) | H51: =IF(H16="","",H16) | I51: =IF(B51="","",SUM(E51:H51)) | J51: =IF(J16="","",J16) | K51: =IF(K16="","",K16) | L51: =IF(L16="","",L16) | M51: =IFERROR(I51*0/100,"") | N51: =IFERROR(SUM(I51*K51)-M51,"")
A52: JUMLAH | I52: =SUM(I46:I51) -> 700000 | M52: =SUM(M46:M51) -> 0 | N52: =SUM(N46:N51) -> 700000
O54: =Honor_guru!P54 -> Cikalongwetan, 1 Februari 2026
C55: Mengetahui/Menyetujui | O55: =Honor_guru!P55 -> Dibayar Lunas Tgl. 4 Februari 2026
C56: Kepala Sekolah, | O56: Bendahara BOS,
C62: =IF(C27="","",C27) -> BADRUDDIN, S.Ag. | O62: =IF(O27="","",O27) -> DEDE GUNAWAN, S.Pd.
C63: =IF(C28="","",C28) -> NIP. 197405082014121002 | O63: =IF(O28="","",O28) -> NIP. 198507172020121003
A71: =$A$1 -> DAFTAR PENERIMA HONORARIUM/GAJI TENAGA PERPUSTAKAAN TIDAK TETAP (PEMBAYARAN NON TUNAI)
A72: =Honor_guru!A73 -> BULAN MARET 2026
C74: Nomor | D74: : ____________________________ | M74: Program | N74: =N39 -> : 07 Pengembangan Standar Pembiayaan
C75: Nama Sekolah | D75: =D40 -> : SD NEGERI LEBAKLEUNGSIR | M75: Kegiatan | N75: =N40 -> : Pembayaran Honor (Tenaga Perpustakaan)
C76: Kecamatan | D76: =D41 -> : Cikalongwetan | M76: Kode Rekening | N76: =N41 -> : 5.1.02.02.01.0013
C77: Kabupaten | D77: =D42 -> : Bandung Barat | M77: Kode Penggunaan | N77: =N42 -> : 12
A79: NO | B79: NAMA PTK | D79: JABATAN | E79: Cost (Rp) | I79: JUMLAH (Rp) | J79: Gol. / Ruang | K79: VOLUME | M79: PPh 21 (non pegawai = 50% x PPh Bruto-PTKP (bulanan)) | N79: JUMLAH YANG DITERIMA (Rp) | O79: TANDA TANGAN
E80: =IF(E45="","",E45) -> Tenaga Perpustakaan | F80: =IF(F45="","",F45) -> Pembina Ekskul | G80: =IF(G45="","",G45) -> Guru | H80: =IF(H45="","",H45) -> TAS/ Operator
A81: 1 | B81: =IF(B46="","",B46) -> LINDAWATI | D81: =IF(D46="","",D46) -> Tenaga Perpustakaan | E81: =IF(E46="","",E46) -> 700000 | F81: =IF(F46="","",F46) | G81: =IF(G46="","",G46) -> - | H81: =IF(H46="","",H46) | I81: =IF(B81="","",SUM(E81:H81)) -> 700000 | J81: =IF(J46="","",J46) -> PTT | K81: =IF(K46="","",K46) -> 1 | L81: =IF(L46="","",L46) -> Bulan | M81: =IFERROR(I81*0/100,"") -> 0 | N81: =IFERROR(SUM(I81*K81)-M81,"") -> 700000 | O81: 1 | P81: 2
A82: 2 | B82: =IF(B47="","",B47) | D82: =IF(D47="","",D47) | E82: =IF(E47="","",E47) | F82: =IF(F47="","",F47) | G82: =IF(G47="","",G47) | H82: =IF(H47="","",H47) | I82: =IF(B82="","",SUM(E82:H82)) | J82: =IF(J47="","",J47) | K82: =IF(K47="","",K47) | L82: =IF(L47="","",L47) | M82: =IFERROR(I82*0/100,"") | N82: =IFERROR(SUM(I82*K82)-M82,"")
A83: 3 | B83: =IF(B48="","",B48) | D83: =IF(D48="","",D48) | E83: =IF(E48="","",E48) | F83: =IF(F48="","",F48) | G83: =IF(G48="","",G48) | H83: =IF(H48="","",H48) | I83: =IF(B83="","",SUM(E83:H83)) | J83: =IF(J48="","",J48) | K83: =IF(K48="","",K48) | L83: =IF(L48="","",L48) | M83: =IFERROR(I83*0/100,"") | N83: =IFERROR(SUM(I83*K83)-M83,"") | O83: 3 | P83: 4
A84: 4 | B84: =IF(B49="","",B49) | D84: =IF(D49="","",D49) | E84: =IF(E49="","",E49) | F84: =IF(F49="","",F49) | G84: =IF(G49="","",G49) | H84: =IF(H49="","",H49) | I84: =IF(B84="","",SUM(E84:H84)) | J84: =IF(J49="","",J49) | K84: =IF(K49="","",K49) | L84: =IF(L49="","",L49) | M84: =IFERROR(I84*0/100,"") | N84: =IFERROR(SUM(I84*K84)-M84,"")
A85: 5 | B85: =IF(B50="","",B50) | D85: =IF(D50="","",D50) | E85: =IF(E50="","",E50) | F85: =IF(F50="","",F50) | G85: =IF(G50="","",G50) | H85: =IF(H50="","",H50) | I85: =IF(B85="","",SUM(E85:H85)) | J85: =IF(J50="","",J50) | K85: =IF(K50="","",K50) | L85: =IF(L50="","",L50) | M85: =IFERROR(I85*0/100,"") | N85: =IFERROR(SUM(I85*K85)-M85,"") | O85: 5 | P85: 6
A86: 6 | B86: =IF(B51="","",B51) | D86: =IF(D51="","",D51) | E86: =IF(E51="","",E51) | F86: =IF(F51="","",F51) | G86: =IF(G51="","",G51) | H86: =IF(H51="","",H51) | I86: =IF(B86="","",SUM(E86:H86)) | J86: =IF(J51="","",J51) | K86: =IF(K51="","",K51) | L86: =IF(L51="","",L51) | M86: =IFERROR(I86*0/100,"") | N86: =IFERROR(SUM(I86*K86)-M86,"")
A87: JUMLAH | I87: =SUM(I81:I86) -> 700000 | M87: =SUM(M81:M86) -> 0 | N87: =SUM(N81:N86) -> 700000
O89: =Honor_guru!P90 -> Cikalongwetan, 1 Maret 2026
C90: Mengetahui/Menyetujui | O90: =Honor_guru!P91 -> Dibayar Lunas Tgl. 5 Maret 2026
C91: Kepala Sekolah, | O91: Bendahara BOS,
C97: =IF(C62="","",C62) -> BADRUDDIN, S.Ag. | O97: =IF(O62="","",O62) -> DEDE GUNAWAN, S.Pd.
C98: =IF(C63="","",C63) -> NIP. 197405082014121002 | O98: =IF(O63="","",O63) -> NIP. 198507172020121003
A106: =$A$1 -> DAFTAR PENERIMA HONORARIUM/GAJI TENAGA PERPUSTAKAAN TIDAK TETAP (PEMBAYARAN NON TUNAI)
A107: =Honor_guru!A109 -> BULAN APRIL 2026
C109: Nomor | D109: : ____________________________ | M109: Program | N109: =N74 -> : 07 Pengembangan Standar Pembiayaan
C110: Nama Sekolah | D110: =D75 -> : SD NEGERI LEBAKLEUNGSIR | M110: Kegiatan | N110: =N75 -> : Pembayaran Honor (Tenaga Perpustakaan)
C111: Kecamatan | D111: =D76 -> : Cikalongwetan | M111: Kode Rekening | N111: =N76 -> : 5.1.02.02.01.0013
C112: Kabupaten | D112: =D77 -> : Bandung Barat | M112: Kode Penggunaan | N112: =N77 -> : 12
A114: NO | B114: NAMA PTK | D114: JABATAN | E114: Cost (Rp) | I114: JUMLAH (Rp) | J114: Gol. / Ruang | K114: VOLUME | M114: PPh 21 (non pegawai = 50% x PPh Bruto-PTKP (bulanan)) | N114: JUMLAH YANG DITERIMA (Rp) | O114: TANDA TANGAN
E115: =IF(E80="","",E80) -> Tenaga Perpustakaan | F115: =IF(F80="","",F80) -> Pembina Ekskul | G115: =IF(G80="","",G80) -> Guru | H115: =IF(H80="","",H80) -> TAS/ Operator
A116: 1 | B116: =IF(B81="","",B81) -> LINDAWATI | D116: =IF(D81="","",D81) -> Tenaga Perpustakaan | E116: =IF(E81="","",E81) -> 700000 | F116: =IF(F81="","",F81) | G116: =IF(G81="","",G81) -> - | H116: =IF(H81="","",H81) | I116: =IF(B116="","",SUM(E116:H116)) -> 700000 | J116: =IF(J81="","",J81) -> PTT | K116: =IF(K81="","",K81) -> 1 | L116: =IF(L81="","",L81) -> Bulan | M116: =IFERROR(I116*0/100,"") -> 0 | N116: =IFERROR(SUM(I116*K116)-M116,"") -> 700000 | O116: 1 | P116: 2
A117: 2 | B117: =IF(B82="","",B82) | D117: =IF(D82="","",D82) | E117: =IF(E82="","",E82) | F117: =IF(F82="","",F82) | G117: =IF(G82="","",G82) | H117: =IF(H82="","",H82) | I117: =IF(B117="","",SUM(E117:H117)) | J117: =IF(J82="","",J82) | K117: =IF(K82="","",K82) | L117: =IF(L82="","",L82) | M117: =IFERROR(I117*0/100,"") | N117: =IFERROR(SUM(I117*K117)-M117,"")
A118: 3 | B118: =IF(B83="","",B83) | D118: =IF(D83="","",D83) | E118: =IF(E83="","",E83) | F118: =IF(F83="","",F83) | G118: =IF(G83="","",G83) | H118: =IF(H83="","",H83) | I118: =IF(B118="","",SUM(E118:H118)) | J118: =IF(J83="","",J83) | K118: =IF(K83="","",K83) | L118: =IF(L83="","",L83) | M118: =IFERROR(I118*0/100,"") | N118: =IFERROR(SUM(I118*K118)-M118,"") | O118: 3 | P118: 4
A119: 4 | B119: =IF(B84="","",B84) | D119: =IF(D84="","",D84) | E119: =IF(E84="","",E84) | F119: =IF(F84="","",F84) | G119: =IF(G84="","",G84) | H119: =IF(H84="","",H84) | I119: =IF(B119="","",SUM(E119:H119)) | J119: =IF(J84="","",J84) | K119: =IF(K84="","",K84) | L119: =IF(L84="","",L84) | M119: =IFERROR(I119*0/100,"") | N119: =IFERROR(SUM(I119*K119)-M119,"")
A120: 5 | B120: =IF(B85="","",B85) | D120: =IF(D85="","",D85) | E120: =IF(E85="","",E85) | F120: =IF(F85="","",F85) | G120: =IF(G85="","",G85) | H120: =IF(H85="","",H85) | I120: =IF(B120="","",SUM(E120:H120)) | J120: =IF(J85="","",J85) | K120: =IF(K85="","",K85) | L120: =IF(L85="","",L85) | M120: =IFERROR(I120*0/100,"") | N120: =IFERROR(SUM(I120*K120)-M120,"") | O120: 5 | P120: 6
A121: 6 | B121: =IF(B86="","",B86) | D121: =IF(D86="","",D86) | E121: =IF(E86="","",E86) | F121: =IF(F86="","",F86) | G121: =IF(G86="","",G86) | H121: =IF(H86="","",H86) | I121: =IF(B121="","",SUM(E121:H121)) | J121: =IF(J86="","",J86) | K121: =IF(K86="","",K86) | L121: =IF(L86="","",L86) | M121: =IFERROR(I121*0/100,"") | N121: =IFERROR(SUM(I121*K121)-M121,"")
A122: JUMLAH | I122: =SUM(I116:I121) -> 700000 | M122: =SUM(M116:M121) -> 0 | N122: =SUM(N116:N121) -> 700000
O124: =Honor_guru!P126 -> Cikalongwetan, 1 April 2026
C125: Mengetahui/Menyetujui | O125: =Honor_guru!P127 -> Dibayar Lunas Tgl. 7 April 2026
C126: Kepala Sekolah, | O126: Bendahara BOS,
C132: =Honor_guru!C134 -> BADRUDDIN, S.Ag. | O132: =IF(O97="","",O97) -> DEDE GUNAWAN, S.Pd.
C133: =Honor_guru!C135 -> NIP. 197405082014121002 | O133: =IF(O98="","",O98) -> NIP. 198507172020121003
A141: =$A$1 -> DAFTAR PENERIMA HONORARIUM/GAJI TENAGA PERPUSTAKAAN TIDAK TETAP (PEMBAYARAN NON TUNAI)
A142: =Honor_guru!A145 -> BULAN MEI 2026
C144: Nomor | D144: : ____________________________ | M144: Program | N144: =N109 -> : 07 Pengembangan Standar Pembiayaan
C145: Nama Sekolah | D145: =D110 -> : SD NEGERI LEBAKLEUNGSIR | M145: Kegiatan | N145: =N110 -> : Pembayaran Honor (Tenaga Perpustakaan)
C146: Kecamatan | D146: =D111 -> : Cikalongwetan | M146: Kode Rekening | N146: =N111 -> : 5.1.02.02.01.0013
C147: Kabupaten | D147: =D112 -> : Bandung Barat | M147: Kode Penggunaan | N147: =N112 -> : 12
A149: NO | B149: NAMA PTK | D149: JABATAN | E149: Cost (Rp) | I149: JUMLAH (Rp) | J149: Gol. / Ruang | K149: VOLUME | M149: PPh 21 (non pegawai = 50% x PPh Bruto-PTKP (bulanan)) | N149: JUMLAH YANG DITERIMA (Rp) | O149: TANDA TANGAN
E150: =IF(E115="","",E115) -> Tenaga Perpustakaan | F150: =IF(F115="","",F115) -> Pembina Ekskul | G150: =IF(G115="","",G115) -> Guru | H150: =IF(H115="","",H115) -> TAS/ Operator
A151: 1 | B151: =IF(B116="","",B116) -> LINDAWATI | D151: =IF(D116="","",D116) -> Tenaga Perpustakaan | E151: =IF(E116="","",E116) -> 700000 | F151: =IF(F116="","",F116) | G151: =IF(G116="","",G116) -> - | H151: =IF(H116="","",H116) | I151: =IF(B151="","",SUM(E151:H151)) -> 700000 | J151: =IF(J116="","",J116) -> PTT | K151: =IF(K116="","",K116) -> 1 | L151: =IF(L116="","",L116) -> Bulan | M151: =IFERROR(I151*0/100,"") -> 0 | N151: =IFERROR(SUM(I151*K151)-M151,"") -> 700000 | O151: 1 | P151: 2
A152: 2 | B152: =IF(B117="","",B117) | D152: =IF(D117="","",D117) | E152: =IF(E117="","",E117) | F152: =IF(F117="","",F117) | G152: =IF(G117="","",G117) | H152: =IF(H117="","",H117) | I152: =IF(B152="","",SUM(E152:H152)) | J152: =IF(J117="","",J117) | K152: =IF(K117="","",K117) | L152: =IF(L117="","",L117) | M152: =IFERROR(I152*0/100,"") | N152: =IFERROR(SUM(I152*K152)-M152,"")
A153: 3 | B153: =IF(B118="","",B118) | D153: =IF(D118="","",D118) | E153: =IF(E118="","",E118) | F153: =IF(F118="","",F118) | G153: =IF(G118="","",G118) | H153: =IF(H118="","",H118) | I153: =IF(B153="","",SUM(E153:H153)) | J153: =IF(J118="","",J118) | K153: =IF(K118="","",K118) | L153: =IF(L118="","",L118) | M153: =IFERROR(I153*0/100,"") | N153: =IFERROR(SUM(I153*K153)-M153,"") | O153: 3 | P153: 4
A154: 4 | B154: =IF(B119="","",B119) | D154: =IF(D119="","",D119) | E154: =IF(E119="","",E119) | F154: =IF(F119="","",F119) | G154: =IF(G119="","",G119) | H154: =IF(H119="","",H119) | I154: =IF(B154="","",SUM(E154:H154)) | J154: =IF(J119="","",J119) | K154: =IF(K119="","",K119) | L154: =IF(L119="","",L119) | M154: =IFERROR(I154*0/100,"") | N154: =IFERROR(SUM(I154*K154)-M154,"")
A155: 5 | B155: =IF(B120="","",B120) | D155: =IF(D120="","",D120) | E155: =IF(E120="","",E120) | F155: =IF(F120="","",F120) | G155: =IF(G120="","",G120) | H155: =IF(H120="","",H120) | I155: =IF(B155="","",SUM(E155:H155)) | J155: =IF(J120="","",J120) | K155: =IF(K120="","",K120) | L155: =IF(L120="","",L120) | M155: =IFERROR(I155*0/100,"") | N155: =IFERROR(SUM(I155*K155)-M155,"") | O155: 5 | P155: 6
A156: 6 | B156: =IF(B121="","",B121) | D156: =IF(D121="","",D121) | E156: =IF(E121="","",E121) | F156: =IF(F121="","",F121) | G156: =IF(G121="","",G121) | H156: =IF(H121="","",H121) | I156: =IF(B156="","",SUM(E156:H156)) | J156: =IF(J121="","",J121) | K156: =IF(K121="","",K121) | L156: =IF(L121="","",L121) | M156: =IFERROR(I156*0/100,"") | N156: =IFERROR(SUM(I156*K156)-M156,"")
A157: JUMLAH | I157: =SUM(I151:I156) -> 700000 | M157: =SUM(M151:M156) -> 0 | N157: =SUM(N151:N156) -> 700000
O159: =Honor_guru!P162 -> Cikalongwetan, 2 Mei 2026
C160: Mengetahui/Menyetujui | O160: =Honor_guru!P163 -> Dibayar Lunas Tgl. 5 Mei 2026
C161: Kepala Sekolah, | O161: Bendahara BOS,
C167: =IF(C132="","",C132) -> BADRUDDIN, S.Ag. | O167: =IF(O132="","",O132) -> DEDE GUNAWAN, S.Pd.
C168: =IF(C133="","",C133) -> NIP. 197405082014121002 | O168: =IF(O133="","",O133) -> NIP. 198507172020121003
...

Sheet Honor_penjaga
A1: DAFTAR PENERIMA HONORARIUM/GAJI PENJAGA SEKOLAH TIDAK TETAP (PEMBAYARAN NON TUNAI)
A2: =Honor_guru!A2 -> BULAN JANUARI 2026
C4: Nomor | D4: =Honor_tendik!D4 -> : ____________________________ | M4: Program | N4: : 07 Pengembangan Standar Pembiayaan
C5: Nama Sekolah | D5: =Honor_tendik!D5 -> : SD NEGERI LEBAKLEUNGSIR | M5: Kegiatan | N5: : Pembayaran Honor (Penjaga)
C6: Kecamatan | D6: =Honor_tendik!D6 -> : Cikalongwetan | M6: Kode Rekening | N6: : 5.1.02.02.01.0013
C7: Kabupaten | D7: =Honor_tendik!D7 -> : Bandung Barat | M7: Kode Penggunaan | N7: : 12
A9: NO | B9: NAMA PTK | D9: JABATAN | E9: Cost (Rp) | I9: JUMLAH (Rp) | J9: Gol. / Ruang | K9: VOLUME | M9: PPh 21 (non pegawai = 50% x PPh Bruto-PTKP (bulanan)) | N9: JUMLAH YANG DITERIMA (Rp) | O9: TANDA TANGAN
E10: Penjaga | F10: Guru | G10: Pembina Ekskul | H10: Tenaga Perpustakaan
A11: 1 | B11: USEP PUDIN | D11: Penjaga Sekolah | E11: 750000 | I11: =IF(B11="","",SUM(E11:H11)) -> 750000 | J11: PTT | K11: 1 | L11: Bulan | M11: =IFERROR(I11*0/100,"") -> 0 | N11: =IFERROR(SUM(I11*K11)-M11,"") -> 750000 | O11: 1 | P11: 2
A12: 2 | I12: =IF(B12="","",SUM(E12:H12)) | M12: =IFERROR(I12*0/100,"") | N12: =IFERROR(SUM(I12*K12)-M12,"")
A13: 3 | I13: =IF(B13="","",SUM(E13:H13)) | M13: =IFERROR(I13*0/100,"") | N13: =IFERROR(SUM(I13*K13)-M13,"") | O13: 3 | P13: 4
A14: 4 | I14: =IF(B14="","",SUM(E14:H14)) | M14: =IFERROR(I14*0/100,"") | N14: =IFERROR(SUM(I14*K14)-M14,"")
A15: 5 | I15: =IF(B15="","",SUM(E15:H15)) | M15: =IFERROR(I15*0/100,"") | N15: =IFERROR(SUM(I15*K15)-M15,"") | O15: 5 | P15: 6
A16: 6 | I16: =IF(B16="","",SUM(E16:H16)) | M16: =IFERROR(I16*0/100,"") | N16: =IFERROR(SUM(I16*K16)-M16,"")
A17: JUMLAH | I17: =SUM(I11:I16) -> 750000 | M17: =SUM(M11:M16) -> 0 | N17: =SUM(N11:N16) -> 750000
O19: =Honor_guru!P19 -> Cikalongwetan, 2 Januari 2026
C20: Mengetahui/Menyetujui | O20: =Honor_guru!P20 -> Dibayar Lunas Tgl. 4 Februari 2026
C21: Kepala Sekolah, | O21: Bendahara BOS,
C27: =Honor_guru!C27 -> BADRUDDIN, S.Ag. | O27: =Honor_guru!P27 -> DEDE GUNAWAN, S.Pd.
C28: =Honor_guru!C28 -> NIP. 197405082014121002 | O28: =Honor_guru!P28 -> NIP. 198507172020121003
A37: =$A$1 -> DAFTAR PENERIMA HONORARIUM/GAJI PENJAGA SEKOLAH TIDAK TETAP (PEMBAYARAN NON TUNAI)
A38: =Honor_guru!A37 -> BULAN FEBRUARI 2026
C40: Nomor | D40: : ____________________________ | M40: Program | N40: =N4 -> : 07 Pengembangan Standar Pembiayaan
C41: Nama Sekolah | D41: =D5 -> : SD NEGERI LEBAKLEUNGSIR | M41: Kegiatan | N41: =N5 -> : Pembayaran Honor (Penjaga)
C42: Kecamatan | D42: =D6 -> : Cikalongwetan | M42: Kode Rekening | N42: =N6 -> : 5.1.02.02.01.0013
C43: Kabupaten | D43: =D7 -> : Bandung Barat | M43: Kode Penggunaan | N43: =N7 -> : 12
A45: NO | B45: NAMA PTK | D45: JABATAN | E45: Cost (Rp) | I45: JUMLAH (Rp) | J45: Gol. / Ruang | K45: VOLUME | M45: PPh 21 (non pegawai = 50% x PPh Bruto-PTKP (bulanan)) | N45: JUMLAH YANG DITERIMA (Rp) | O45: TANDA TANGAN
E46: =IF(E10="","",E10) -> Penjaga | F46: =IF(F10="","",F10) -> Guru | G46: =IF(G10="","",G10) -> Pembina Ekskul | H46: =IF(H10="","",H10) -> Tenaga Perpustakaan
A47: 1 | B47: =IF(B11="","",B11) -> USEP PUDIN | D47: =IF(D11="","",D11) -> Penjaga Sekolah | E47: =IF(E11="","",E11) -> 750000 | F47: =IF(F11="","",F11) | G47: =IF(G11="","",G11) | H47: =IF(H11="","",H11) | I47: =IF(B47="","",SUM(E47:H47)) -> 750000 | J47: =IF(J11="","",J11) -> PTT | K47: =IF(K11="","",K11) -> 1 | L47: =IF(L11="","",L11) -> Bulan | M47: =IFERROR(I47*0/100,"") -> 0 | N47: =IFERROR(SUM(I47*K47)-M47,"") -> 750000 | O47: 1 | P47: 2
A48: 2 | B48: =IF(B12="","",B12) | D48: =IF(D12="","",D12) | E48: =IF(E12="","",E12) | F48: =IF(F12="","",F12) | G48: =IF(G12="","",G12) | H48: =IF(H12="","",H12) | I48: =IF(B48="","",SUM(E48:H48)) | J48: =IF(J12="","",J12) | K48: =IF(K12="","",K12) | L48: =IF(L12="","",L12) | M48: =IFERROR(I48*0/100,"") | N48: =IFERROR(SUM(I48*K48)-M48,"")
A49: 3 | B49: =IF(B13="","",B13) | D49: =IF(D13="","",D13) | E49: =IF(E13="","",E13) | F49: =IF(F13="","",F13) | G49: =IF(G13="","",G13) | H49: =IF(H13="","",H13) | I49: =IF(B49="","",SUM(E49:H49)) | J49: =IF(J13="","",J13) | K49: =IF(K13="","",K13) | L49: =IF(L13="","",L13) | M49: =IFERROR(I49*0/100,"") | N49: =IFERROR(SUM(I49*K49)-M49,"") | O49: 3 | P49: 4
A50: 4 | B50: =IF(B14="","",B14) | D50: =IF(D14="","",D14) | E50: =IF(E14="","",E14) | F50: =IF(F14="","",F14) | G50: =IF(G14="","",G14) | H50: =IF(H14="","",H14) | I50: =IF(B50="","",SUM(E50:H50)) | J50: =IF(J14="","",J14) | K50: =IF(K14="","",K14) | L50: =IF(L14="","",L14) | M50: =IFERROR(I50*0/100,"") | N50: =IFERROR(SUM(I50*K50)-M50,"")
A51: 5 | B51: =IF(B15="","",B15) | D51: =IF(D15="","",D15) | E51: =IF(E15="","",E15) | F51: =IF(F15="","",F15) | G51: =IF(G15="","",G15) | H51: =IF(H15="","",H15) | I51: =IF(B51="","",SUM(E51:H51)) | J51: =IF(J15="","",J15) | K51: =IF(K15="","",K15) | L51: =IF(L15="","",L15) | M51: =IFERROR(I51*0/100,"") | N51: =IFERROR(SUM(I51*K51)-M51,"") | O51: 5 | P51: 6
A52: 6 | B52: =IF(B16="","",B16) | D52: =IF(D16="","",D16) | E52: =IF(E16="","",E16) | F52: =IF(F16="","",F16) | G52: =IF(G16="","",G16) | H52: =IF(H16="","",H16) | I52: =IF(B52="","",SUM(E52:H52)) | J52: =IF(J16="","",J16) | K52: =IF(K16="","",K16) | L52: =IF(L16="","",L16) | M52: =IFERROR(I52*0/100,"") | N52: =IFERROR(SUM(I52*K52)-M52,"")
A53: JUMLAH | I53: =SUM(I47:I52) -> 750000 | M53: =SUM(M47:M52) -> 0 | N53: =SUM(N47:N52) -> 750000
O55: =Honor_guru!P54 -> Cikalongwetan, 1 Februari 2026
C56: Mengetahui/Menyetujui | O56: =Honor_guru!P55 -> Dibayar Lunas Tgl. 4 Februari 2026
C57: Kepala Sekolah, | O57: Bendahara BOS,
C63: =IF(C27="","",C27) -> BADRUDDIN, S.Ag. | O63: =IF(O27="","",O27) -> DEDE GUNAWAN, S.Pd.
C64: =IF(C28="","",C28) -> NIP. 197405082014121002 | O64: =IF(O28="","",O28) -> NIP. 198507172020121003
A73: =$A$1 -> DAFTAR PENERIMA HONORARIUM/GAJI PENJAGA SEKOLAH TIDAK TETAP (PEMBAYARAN NON TUNAI)
A74: =Honor_guru!A73 -> BULAN MARET 2026
C76: Nomor | D76: : ____________________________ | M76: Program | N76: =N40 -> : 07 Pengembangan Standar Pembiayaan
C77: Nama Sekolah | D77: =D41 -> : SD NEGERI LEBAKLEUNGSIR | M77: Kegiatan | N77: =N41 -> : Pembayaran Honor (Penjaga)
C78: Kecamatan | D78: =D42 -> : Cikalongwetan | M78: Kode Rekening | N78: =N42 -> : 5.1.02.02.01.0013
C79: Kabupaten | D79: =D43 -> : Bandung Barat | M79: Kode Penggunaan | N79: =N43 -> : 12
A81: NO | B81: NAMA PTK | D81: JABATAN | E81: Cost (Rp) | I81: JUMLAH (Rp) | J81: Gol. / Ruang | K81: VOLUME | M81: PPh 21 (non pegawai = 50% x PPh Bruto-PTKP (bulanan)) | N81: JUMLAH YANG DITERIMA (Rp) | O81: TANDA TANGAN
E82: =IF(E46="","",E46) -> Penjaga | F82: =IF(F46="","",F46) -> Guru | G82: =IF(G46="","",G46) -> Pembina Ekskul | H82: =IF(H46="","",H46) -> Tenaga Perpustakaan
A83: 1 | B83: =IF(B47="","",B47) -> USEP PUDIN | D83: =IF(D47="","",D47) -> Penjaga Sekolah | E83: =IF(E47="","",E47) -> 750000 | F83: =IF(F47="","",F47) | G83: =IF(G47="","",G47) | H83: =IF(H47="","",H47) | I83: =IF(B83="","",SUM(E83:H83)) -> 750000 | J83: =IF(J47="","",J47) -> PTT | K83: =IF(K47="","",K47) -> 1 | L83: =IF(L47="","",L47) -> Bulan | M83: =IFERROR(I83*0/100,"") -> 0 | N83: =IFERROR(SUM(I83*K83)-M83,"") -> 750000 | O83: 1 | P83: 2
A84: 2 | B84: =IF(B48="","",B48) | D84: =IF(D48="","",D48) | E84: =IF(E48="","",E48) | F84: =IF(F48="","",F48) | G84: =IF(G48="","",G48) | H84: =IF(H48="","",H48) | I84: =IF(B84="","",SUM(E84:H84)) | J84: =IF(J48="","",J48) | K84: =IF(K48="","",K48) | L84: =IF(L48="","",L48) | M84: =IFERROR(I84*0/100,"") | N84: =IFERROR(SUM(I84*K84)-M84,"")
A85: 3 | B85: =IF(B49="","",B49) | D85: =IF(D49="","",D49) | E85: =IF(E49="","",E49) | F85: =IF(F49="","",F49) | G85: =IF(G49="","",G49) | H85: =IF(H49="","",H49) | I85: =IF(B85="","",SUM(E85:H85)) | J85: =IF(J49="","",J49) | K85: =IF(K49="","",K49) | L85: =IF(L49="","",L49) | M85: =IFERROR(I85*0/100,"") | N85: =IFERROR(SUM(I85*K85)-M85,"") | O85: 3 | P85: 4
A86: 4 | B86: =IF(B50="","",B50) | D86: =IF(D50="","",D50) | E86: =IF(E50="","",E50) | F86: =IF(F50="","",F50) | G86: =IF(G50="","",G50) | H86: =IF(H50="","",H50) | I86: =IF(B86="","",SUM(E86:H86)) | J86: =IF(J50="","",J50) | K86: =IF(K50="","",K50) | L86: =IF(L50="","",L50) | M86: =IFERROR(I86*0/100,"") | N86: =IFERROR(SUM(I86*K86)-M86,"")
A87: 5 | B87: =IF(B51="","",B51) | D87: =IF(D51="","",D51) | E87: =IF(E51="","",E51) | F87: =IF(F51="","",F51) | G87: =IF(G51="","",G51) | H87: =IF(H51="","",H51) | I87: =IF(B87="","",SUM(E87:H87)) | J87: =IF(J51="","",J51) | K87: =IF(K51="","",K51) | L87: =IF(L51="","",L51) | M87: =IFERROR(I87*0/100,"") | N87: =IFERROR(SUM(I87*K87)-M87,"") | O87: 5 | P87: 6
A88: 6 | B88: =IF(B52="","",B52) | D88: =IF(D52="","",D52) | E88: =IF(E52="","",E52) | F88: =IF(F52="","",F52) | G88: =IF(G52="","",G52) | H88: =IF(H52="","",H52) | I88: =IF(B88="","",SUM(E88:H88)) | J88: =IF(J52="","",J52) | K88: =IF(K52="","",K52) | L88: =IF(L52="","",L52) | M88: =IFERROR(I88*0/100,"") | N88: =IFERROR(SUM(I88*K88)-M88,"")
A89: JUMLAH | I89: =SUM(I83:I88) -> 750000 | M89: =SUM(M83:M88) -> 0 | N89: =SUM(N83:N88) -> 750000
O91: =Honor_guru!P90 -> Cikalongwetan, 1 Maret 2026
C92: Mengetahui/Menyetujui | O92: =Honor_guru!P91 -> Dibayar Lunas Tgl. 5 Maret 2026
C93: Kepala Sekolah, | O93: Bendahara BOS,
C99: =IF(C63="","",C63) -> BADRUDDIN, S.Ag. | O99: =IF(O63="","",O63) -> DEDE GUNAWAN, S.Pd.
C100: =IF(C64="","",C64) -> NIP. 197405082014121002 | O100: =IF(O64="","",O64) -> NIP. 198507172020121003
A109: =$A$1 -> DAFTAR PENERIMA HONORARIUM/GAJI PENJAGA SEKOLAH TIDAK TETAP (PEMBAYARAN NON TUNAI)
A110: =Honor_guru!A109 -> BULAN APRIL 2026
C112: Nomor | D112: : ____________________________ | M112: Program | N112: =N76 -> : 07 Pengembangan Standar Pembiayaan
C113: Nama Sekolah | D113: =D77 -> : SD NEGERI LEBAKLEUNGSIR | M113: Kegiatan | N113: =N77 -> : Pembayaran Honor (Penjaga)
C114: Kecamatan | D114: =D78 -> : Cikalongwetan | M114: Kode Rekening | N114: =N78 -> : 5.1.02.02.01.0013
C115: Kabupaten | D115: =D79 -> : Bandung Barat | M115: Kode Penggunaan | N115: =N79 -> : 12
A117: NO | B117: NAMA PTK | D117: JABATAN | E117: Cost (Rp) | I117: JUMLAH (Rp) | J117: Gol. / Ruang | K117: VOLUME | M117: PPh 21 (non pegawai = 50% x PPh Bruto-PTKP (bulanan)) | N117: JUMLAH YANG DITERIMA (Rp) | O117: TANDA TANGAN
E118: =IF(E82="","",E82) -> Penjaga | F118: =IF(F82="","",F82) -> Guru | G118: =IF(G82="","",G82) -> Pembina Ekskul | H118: =IF(H82="","",H82) -> Tenaga Perpustakaan
A119: 1 | B119: =IF(B83="","",B83) -> USEP PUDIN | D119: =IF(D83="","",D83) -> Penjaga Sekolah | E119: =IF(E83="","",E83) -> 750000 | F119: =IF(F83="","",F83) | G119: =IF(G83="","",G83) | H119: =IF(H83="","",H83) | I119: =IF(B119="","",SUM(E119:H119)) -> 750000 | J119: =IF(J83="","",J83) -> PTT | K119: =IF(K83="","",K83) -> 1 | L119: =IF(L83="","",L83) -> Bulan | M119: =IFERROR(I119*0/100,"") -> 0 | N119: =IFERROR(SUM(I119*K119)-M119,"") -> 750000 | O119: 1 | P119: 2
A120: 2 | B120: =IF(B84="","",B84) | D120: =IF(D84="","",D84) | E120: =IF(E84="","",E84) | F120: =IF(F84="","",F84) | G120: =IF(G84="","",G84) | H120: =IF(H84="","",H84) | I120: =IF(B120="","",SUM(E120:H120)) | J120: =IF(J84="","",J84) | K120: =IF(K84="","",K84) | L120: =IF(L84="","",L84) | M120: =IFERROR(I120*0/100,"") | N120: =IFERROR(SUM(I120*K120)-M120,"")
A121: 3 | B121: =IF(B85="","",B85) | D121: =IF(D85="","",D85) | E121: =IF(E85="","",E85) | F121: =IF(F85="","",F85) | G121: =IF(G85="","",G85) | H121: =IF(H85="","",H85) | I121: =IF(B121="","",SUM(E121:H121)) | J121: =IF(J85="","",J85) | K121: =IF(K85="","",K85) | L121: =IF(L85="","",L85) | M121: =IFERROR(I121*0/100,"") | N121: =IFERROR(SUM(I121*K121)-M121,"") | O121: 3 | P121: 4
A122: 4 | B122: =IF(B86="","",B86) | D122: =IF(D86="","",D86) | E122: =IF(E86="","",E86) | F122: =IF(F86="","",F86) | G122: =IF(G86="","",G86) | H122: =IF(H86="","",H86) | I122: =IF(B122="","",SUM(E122:H122)) | J122: =IF(J86="","",J86) | K122: =IF(K86="","",K86) | L122: =IF(L86="","",L86) | M122: =IFERROR(I122*0/100,"") | N122: =IFERROR(SUM(I122*K122)-M122,"")
A123: 5 | B123: =IF(B87="","",B87) | D123: =IF(D87="","",D87) | E123: =IF(E87="","",E87) | F123: =IF(F87="","",F87) | G123: =IF(G87="","",G87) | H123: =IF(H87="","",H87) | I123: =IF(B123="","",SUM(E123:H123)) | J123: =IF(J87="","",J87) | K123: =IF(K87="","",K87) | L123: =IF(L87="","",L87) | M123: =IFERROR(I123*0/100,"") | N123: =IFERROR(SUM(I123*K123)-M123,"") | O123: 5 | P123: 6
A124: 6 | B124: =IF(B88="","",B88) | D124: =IF(D88="","",D88) | E124: =IF(E88="","",E88) | F124: =IF(F88="","",F88) | G124: =IF(G88="","",G88) | H124: =IF(H88="","",H88) | I124: =IF(B124="","",SUM(E124:H124)) | J124: =IF(J88="","",J88) | K124: =IF(K88="","",K88) | L124: =IF(L88="","",L88) | M124: =IFERROR(I124*0/100,"") | N124: =IFERROR(SUM(I124*K124)-M124,"")
A125: JUMLAH | I125: =SUM(I119:I124) -> 750000 | M125: =SUM(M119:M124) -> 0 | N125: =SUM(N119:N124) -> 750000
O127: =Honor_guru!P126 -> Cikalongwetan, 1 April 2026
C128: Mengetahui/Menyetujui | O128: =Honor_guru!P127 -> Dibayar Lunas Tgl. 7 April 2026
C129: Kepala Sekolah, | O129: Bendahara BOS,
C135: =Honor_guru!C134 -> BADRUDDIN, S.Ag. | O135: =IF(O99="","",O99) -> DEDE GUNAWAN, S.Pd.
C136: =Honor_guru!C135 -> NIP. 197405082014121002 | O136: =IF(O100="","",O100) -> NIP. 198507172020121003
A145: =$A$1 -> DAFTAR PENERIMA HONORARIUM/GAJI PENJAGA SEKOLAH TIDAK TETAP (PEMBAYARAN NON TUNAI)
A146: =Honor_guru!A145 -> BULAN MEI 2026
C148: Nomor | D148: : ____________________________ | M148: Program | N148: =N112 -> : 07 Pengembangan Standar Pembiayaan
C149: Nama Sekolah | D149: =D113 -> : SD NEGERI LEBAKLEUNGSIR | M149: Kegiatan | N149: =N113 -> : Pembayaran Honor (Penjaga)
C150: Kecamatan | D150: =D114 -> : Cikalongwetan | M150: Kode Rekening | N150: =N114 -> : 5.1.02.02.01.0013
C151: Kabupaten | D151: =D115 -> : Bandung Barat | M151: Kode Penggunaan | N151: =N115 -> : 12
A153: NO | B153: NAMA PTK | D153: JABATAN | E153: Cost (Rp) | I153: JUMLAH (Rp) | J153: Gol. / Ruang | K153: VOLUME | M153: PPh 21 (non pegawai = 50% x PPh Bruto-PTKP (bulanan)) | N153: JUMLAH YANG DITERIMA (Rp) | O153: TANDA TANGAN
E154: =IF(E118="","",E118) -> Penjaga | F154: =IF(F118="","",F118) -> Guru | G154: =IF(G118="","",G118) -> Pembina Ekskul | H154: =IF(H118="","",H118) -> Tenaga Perpustakaan
A155: 1 | B155: =IF(B119="","",B119) -> USEP PUDIN | D155: =IF(D119="","",D119) -> Penjaga Sekolah | E155: =IF(E119="","",E119) -> 750000 | F155: =IF(F119="","",F119) | G155: =IF(G119="","",G119) | H155: =IF(H119="","",H119) | I155: =IF(B155="","",SUM(E155:H155)) -> 750000 | J155: =IF(J119="","",J119) -> PTT | K155: =IF(K119="","",K119) -> 1 | L155: =IF(L119="","",L119) -> Bulan | M155: =IFERROR(I155*0/100,"") -> 0 | N155: =IFERROR(SUM(I155*K155)-M155,"") -> 750000 | O155: 1 | P155: 2
A156: 2 | B156: =IF(B120="","",B120) | D156: =IF(D120="","",D120) | E156: =IF(E120="","",E120) | F156: =IF(F120="","",F120) | G156: =IF(G120="","",G120) | H156: =IF(H120="","",H120) | I156: =IF(B156="","",SUM(E156:H156)) | J156: =IF(J120="","",J120) | K156: =IF(K120="","",K120) | L156: =IF(L120="","",L120) | M156: =IFERROR(I156*0/100,"") | N156: =IFERROR(SUM(I156*K156)-M156,"")
A157: 3 | B157: =IF(B121="","",B121) | D157: =IF(D121="","",D121) | E157: =IF(E121="","",E121) | F157: =IF(F121="","",F121) | G157: =IF(G121="","",G121) | H157: =IF(H121="","",H121) | I157: =IF(B157="","",SUM(E157:H157)) | J157: =IF(J121="","",J121) | K157: =IF(K121="","",K121) | L157: =IF(L121="","",L121) | M157: =IFERROR(I157*0/100,"") | N157: =IFERROR(SUM(I157*K157)-M157,"") | O157: 3 | P157: 4
A158: 4 | B158: =IF(B122="","",B122) | D158: =IF(D122="","",D122) | E158: =IF(E122="","",E122) | F158: =IF(F122="","",F122) | G158: =IF(G122="","",G122) | H158: =IF(H122="","",H122) | I158: =IF(B158="","",SUM(E158:H158)) | J158: =IF(J122="","",J122) | K158: =IF(K122="","",K122) | L158: =IF(L122="","",L122) | M158: =IFERROR(I158*0/100,"") | N158: =IFERROR(SUM(I158*K158)-M158,"")
A159: 5 | B159: =IF(B123="","",B123) | D159: =IF(D123="","",D123) | E159: =IF(E123="","",E123) | F159: =IF(F123="","",F123) | G159: =IF(G123="","",G123) | H159: =IF(H123="","",H123) | I159: =IF(B159="","",SUM(E159:H159)) | J159: =IF(J123="","",J123) | K159: =IF(K123="","",K123) | L159: =IF(L123="","",L123) | M159: =IFERROR(I159*0/100,"") | N159: =IFERROR(SUM(I159*K159)-M159,"") | O159: 5 | P159: 6
A160: 6 | B160: =IF(B124="","",B124) | D160: =IF(D124="","",D124) | E160: =IF(E124="","",E124) | F160: =IF(F124="","",F124) | G160: =IF(G124="","",G124) | H160: =IF(H124="","",H124) | I160: =IF(B160="","",SUM(E160:H160)) | J160: =IF(J124="","",J124) | K160: =IF(K124="","",K124) | L160: =IF(L124="","",L124) | M160: =IFERROR(I160*0/100,"") | N160: =IFERROR(SUM(I160*K160)-M160,"")
A161: JUMLAH | I161: =SUM(I155:I160) -> 750000 | M161: =SUM(M155:M160) -> 0 | N161: =SUM(N155:N160) -> 750000
O163: =Honor_guru!P162 -> Cikalongwetan, 2 Mei 2026
C164: Mengetahui/Menyetujui | O164: =Honor_guru!P163 -> Dibayar Lunas Tgl. 5 Mei 2026
C165: Kepala Sekolah, | O165: Bendahara BOS,
C171: =IF(C135="","",C135) -> BADRUDDIN, S.Ag. | O171: =IF(O135="","",O135) -> DEDE GUNAWAN, S.Pd.
C172: =IF(C136="","",C136) -> NIP. 197405082014121002 | O172: =IF(O136="","",O136) -> NIP. 198507172020121003
...

Sheet Transpor_bank
A1: DAFTAR BUKTI PENERIMA PERJALANAN DINAS KE BANK (Transaksi Non Tunai)
A2: =Honor_guru!A2 -> BULAN JANUARI 2026
C4: Nomor | D4: =Honor_penjaga!D4 -> : ____________________________ | I4: Program | J4: : 07 Pengembangan Standar Pembiayaan
C5: Nama Sekolah | D5: =Honor_penjaga!D5 -> : SD NEGERI LEBAKLEUNGSIR | I5: Kegiatan | J5: : Perjalanan Dinas ke bank
C6: Kecamatan | D6: =Honor_penjaga!D6 -> : Cikalongwetan | I6: Kode Rekening | J6: : 5.1.02.04.01.0003
C7: Kabupaten | D7: =Honor_penjaga!D7 -> : Bandung Barat | I7: Kode Penggunaan | J7: : 5
A9: NO | B9: NAMA PTK | D9: JABATAN | E9: Gol. / Ruang | F9: VOL | G9: SATUAN | H9: UNIT COST (Rp) | I9: JUMLAH (Rp) | J9: TANDA TANGAN
A10: 1 | B10: DEDE GUNAWAN | D10: Guru/Bendahara | E10: III/b | F10: 2 | G10: Perjalanan | H10: 75000 | I10: =F10*H10 -> 150000 | J10: 1 | K10: 2
A11: 2 | I11: =F11*H11 -> 0
A12: 3 | I12: =F12*H12 -> 0 | J12: 3 | K12: 4
A13: 4 | I13: =F13*H13 -> 0
A14: JUMLAH | I14: =SUM(I10:I13) -> 150000
J16: =Honor_guru!P19 -> Cikalongwetan, 2 Januari 2026
C17: Mengetahui/Menyetujui | J17: =Honor_guru!P20 -> Dibayar Lunas Tgl. 4 Februari 2026
C18: Kepala Sekolah, | J18: Bendahara BOS,
C24: =Honor_guru!C27 -> BADRUDDIN, S.Ag. | J24: =Honor_guru!P27 -> DEDE GUNAWAN, S.Pd.
C25: =Honor_guru!C28 -> NIP. 197405082014121002 | J25: =Honor_guru!P28 -> NIP. 198507172020121003
A33: =$A$1 -> DAFTAR BUKTI PENERIMA PERJALANAN DINAS KE BANK (Transaksi Non Tunai)
A34: =Honor_guru!A37 -> BULAN FEBRUARI 2026
C36: Nomor | D36: : _____________________________ | I36: Program | J36: =J4 -> : 07 Pengembangan Standar Pembiayaan
C37: Nama Sekolah | D37: =D5 -> : SD NEGERI LEBAKLEUNGSIR | I37: Kegiatan | J37: =J5 -> : Perjalanan Dinas ke bank
C38: Kecamatan | D38: =D6 -> : Cikalongwetan | I38: Kode Rekening | J38: =J6 -> : 5.1.02.04.01.0003
C39: Kabupaten | D39: =D7 -> : Bandung Barat | I39: Kode Penggunaan | J39: =J7 -> : 5
A41: NO | B41: NAMA PTK | D41: JABATAN | E41: Gol. / Ruang | F41: VOL | G41: SATUAN | H41: UNIT COST (Rp) | I41: JUMLAH (Rp) | J41: TANDA TANGAN
A42: 1 | B42: =IF(B10="","",B10) -> DEDE GUNAWAN | D42: =IF(D10="","",D10) -> Guru/Bendahara | E42: =IF(E10="","",E10) -> III/b | F42: =IF(F10="","",F10) -> 2 | G42: =IF(G10="","",G10) -> Perjalanan | H42: =IF(H10="","",H10) -> 75000 | I42: =IFERROR(SUM(F42*H42),"") -> 150000 | J42: 1 | K42: 2
A43: 2 | B43: =IF(B11="","",B11) | D43: =IF(D11="","",D11) | E43: =IF(E11="","",E11) | F43: =IF(F11="","",F11) | G43: =IF(G11="","",G11) | H43: =IF(H11="","",H11) | I43: =IFERROR(SUM(F43*H43),"")
A44: 3 | B44: =IF(B12="","",B12) | D44: =IF(D12="","",D12) | E44: =IF(E12="","",E12) | F44: =IF(F12="","",F12) | G44: =IF(G12="","",G12) | H44: =IF(H12="","",H12) | I44: =IFERROR(SUM(F44*H44),"") | J44: 3 | K44: 4
A45: 4 | B45: =IF(B13="","",B13) | D45: =IF(D13="","",D13) | E45: =IF(E13="","",E13) | F45: =IF(F13="","",F13) | G45: =IF(G13="","",G13) | H45: =IF(H13="","",H13) | I45: =IFERROR(SUM(F45*H45),"")
A46: JUMLAH | I46: =SUM(I42:I45) -> 150000
J48: Cikalongwetan, 4 Februari 2026
C49: Mengetahui/Menyetujui | J49: =Honor_guru!P55 -> Dibayar Lunas Tgl. 4 Februari 2026
C50: Kepala Sekolah, | J50: Bendahara BOS,
C56: =C24 -> BADRUDDIN, S.Ag. | J56: =J24 -> DEDE GUNAWAN, S.Pd.
C57: =C25 -> NIP. 197405082014121002 | J57: =J25 -> NIP. 198507172020121003
A65: =$A$1 -> DAFTAR BUKTI PENERIMA PERJALANAN DINAS KE BANK (Transaksi Non Tunai)
A66: =Honor_guru!A73 -> BULAN MARET 2026
C68: Nomor | D68: : _____________________________ | I68: Program | J68: =J36 -> : 07 Pengembangan Standar Pembiayaan
C69: Nama Sekolah | D69: =D37 -> : SD NEGERI LEBAKLEUNGSIR | I69: Kegiatan | J69: =J37 -> : Perjalanan Dinas ke bank
C70: Kecamatan | D70: =D38 -> : Cikalongwetan | I70: Kode Rekening | J70: =J38 -> : 5.1.02.04.01.0003
C71: Kabupaten | D71: =D39 -> : Bandung Barat | I71: Kode Penggunaan | J71: =J39 -> : 5
A73: NO | B73: NAMA PTK | D73: JABATAN | E73: Gol. / Ruang | F73: VOL | G73: SATUAN | H73: UNIT COST (Rp) | I73: JUMLAH (Rp) | J73: TANDA TANGAN
A74: 1 | B74: =IF(B42="","",B42) -> DEDE GUNAWAN | D74: =IF(D42="","",D42) -> Guru/Bendahara | E74: =IF(E42="","",E42) -> III/b | F74: 1 | G74: =IF(G42="","",G42) -> Perjalanan | H74: =IF(H42="","",H42) -> 75000 | I74: =IFERROR(SUM(F74*H74),"") -> 75000 | J74: 1 | K74: 2
A75: 2 | B75: =IF(B43="","",B43) | D75: =IF(D43="","",D43) | E75: =IF(E43="","",E43) | F75: =IF(F43="","",F43) | G75: =IF(G43="","",G43) | H75: =IF(H43="","",H43) | I75: =IFERROR(SUM(F75*H75),"")
A76: 3 | B76: =IF(B44="","",B44) | D76: =IF(D44="","",D44) | E76: =IF(E44="","",E44) | F76: =IF(F44="","",F44) | G76: =IF(G44="","",G44) | H76: =IF(H44="","",H44) | I76: =IFERROR(SUM(F76*H76),"") | J76: 3 | K76: 4
A77: 4 | B77: =IF(B45="","",B45) | D77: =IF(D45="","",D45) | E77: =IF(E45="","",E45) | F77: =IF(F45="","",F45) | G77: =IF(G45="","",G45) | H77: =IF(H45="","",H45) | I77: =IFERROR(SUM(F77*H77),"")
A78: JUMLAH | I78: =SUM(I74:I77) -> 75000
J80: Cikalongwetan, 5 Maret 2026
C81: Mengetahui/Menyetujui | J81: =Honor_guru!P91 -> Dibayar Lunas Tgl. 5 Maret 2026
C82: Kepala Sekolah, | J82: Bendahara BOS,
C88: =C56 -> BADRUDDIN, S.Ag. | J88: =J56 -> DEDE GUNAWAN, S.Pd.
C89: =C57 -> NIP. 197405082014121002 | J89: =J57 -> NIP. 198507172020121003
A99: =$A$1 -> DAFTAR BUKTI PENERIMA PERJALANAN DINAS KE BANK (Transaksi Non Tunai)
A100: =Honor_guru!A109 -> BULAN APRIL 2026
C102: Nomor | D102: : _____________________________ | I102: Program | J102: =J68 -> : 07 Pengembangan Standar Pembiayaan
C103: Nama Sekolah | D103: =D69 -> : SD NEGERI LEBAKLEUNGSIR | I103: Kegiatan | J103: =J69 -> : Perjalanan Dinas ke bank
C104: Kecamatan | D104: =D70 -> : Cikalongwetan | I104: Kode Rekening | J104: =J70 -> : 5.1.02.04.01.0003
C105: Kabupaten | D105: =D71 -> : Bandung Barat | I105: Kode Penggunaan | J105: =J71 -> : 5
A107: NO | B107: NAMA PTK | D107: JABATAN | E107: Gol. / Ruang | F107: VOL | G107: SATUAN | H107: UNIT COST (Rp) | I107: JUMLAH (Rp) | J107: TANDA TANGAN
A108: 1 | B108: =IF(B74="","",B74) -> DEDE GUNAWAN | D108: =IF(D74="","",D74) -> Guru/Bendahara | E108: =IF(E74="","",E74) -> III/b | F108: =IF(F74="","",F74) -> 1 | G108: =IF(G74="","",G74) -> Perjalanan | H108: =IF(H74="","",H74) -> 75000 | I108: =IFERROR(SUM(F108*H108),"") -> 75000 | J108: 1 | K108: 2
A109: 2 | B109: =IF(B75="","",B75) | D109: =IF(D75="","",D75) | E109: =IF(E75="","",E75) | F109: =IF(F75="","",F75) | G109: =IF(G75="","",G75) | H109: =IF(H75="","",H75) | I109: =IFERROR(SUM(F109*H109),"")
A110: 3 | B110: =IF(B76="","",B76) | D110: =IF(D76="","",D76) | E110: =IF(E76="","",E76) | F110: =IF(F76="","",F76) | G110: =IF(G76="","",G76) | H110: =IF(H76="","",H76) | I110: =IFERROR(SUM(F110*H110),"") | J110: 3 | K110: 4
A111: 4 | B111: =IF(B77="","",B77) | D111: =IF(D77="","",D77) | E111: =IF(E77="","",E77) | F111: =IF(F77="","",F77) | G111: =IF(G77="","",G77) | H111: =IF(H77="","",H77) | I111: =IFERROR(SUM(F111*H111),"")
A112: JUMLAH | I112: =SUM(I108:I111) -> 75000
J114: Cikalongwetan, 7 April 2026
C115: Mengetahui/Menyetujui | J115: =Honor_guru!P127 -> Dibayar Lunas Tgl. 7 April 2026
C116: Kepala Sekolah, | J116: Bendahara BOS,
C122: =Honor_guru!C134 -> BADRUDDIN, S.Ag. | J122: =J88 -> DEDE GUNAWAN, S.Pd.
C123: =Honor_guru!C135 -> NIP. 197405082014121002 | J123: =J89 -> NIP. 198507172020121003
A130: =$A$1 -> DAFTAR BUKTI PENERIMA PERJALANAN DINAS KE BANK (Transaksi Non Tunai)
A131: =Honor_guru!A145 -> BULAN MEI 2026
C133: Nomor | D133: : _____________________________ | I133: Program | J133: =J102 -> : 07 Pengembangan Standar Pembiayaan
C134: Nama Sekolah | D134: =D103 -> : SD NEGERI LEBAKLEUNGSIR | I134: Kegiatan | J134: =J103 -> : Perjalanan Dinas ke bank
C135: Kecamatan | D135: =D104 -> : Cikalongwetan | I135: Kode Rekening | J135: =J104 -> : 5.1.02.04.01.0003
C136: Kabupaten | D136: =D105 -> : Bandung Barat | I136: Kode Penggunaan | J136: =J105 -> : 5
A138: NO | B138: NAMA PTK | D138: JABATAN | E138: Gol. / Ruang | F138: VOL | G138: SATUAN | H138: UNIT COST (Rp) | I138: JUMLAH (Rp) | J138: TANDA TANGAN
A139: 1 | B139: =IF(B108="","",B108) -> DEDE GUNAWAN | D139: =IF(D108="","",D108) -> Guru/Bendahara | E139: =IF(E108="","",E108) -> III/b | F139: =IF(F108="","",F108) -> 1 | G139: =IF(G108="","",G108) -> Perjalanan | H139: =IF(H108="","",H108) -> 75000 | I139: =IFERROR(SUM(F139*H139),"") -> 75000 | J139: 1 | K139: 2
A140: 2 | B140: =IF(B109="","",B109) | D140: =IF(D109="","",D109) | E140: =IF(E109="","",E109) | F140: =IF(F109="","",F109) | G140: =IF(G109="","",G109) | H140: =IF(H109="","",H109) | I140: =IFERROR(SUM(F140*H140),"")
A141: 3 | B141: =IF(B110="","",B110) | D141: =IF(D110="","",D110) | E141: =IF(E110="","",E110) | F141: =IF(F110="","",F110) | G141: =IF(G110="","",G110) | H141: =IF(H110="","",H110) | I141: =IFERROR(SUM(F141*H141),"") | J141: 3 | K141: 4
A142: 4 | B142: =IF(B111="","",B111) | D142: =IF(D111="","",D111) | E142: =IF(E111="","",E111) | F142: =IF(F111="","",F111) | G142: =IF(G111="","",G111) | H142: =IF(H111="","",H111) | I142: =IFERROR(SUM(F142*H142),"")
A143: JUMLAH | I143: =SUM(I139:I142) -> 75000
J145: Cikalongwetan, 5 Mei 2026
C146: Mengetahui/Menyetujui | J146: =Honor_guru!P163 -> Dibayar Lunas Tgl. 5 Mei 2026
C147: Kepala Sekolah, | J147: Bendahara BOS,
C153: =C122 -> BADRUDDIN, S.Ag. | J153: =J122 -> DEDE GUNAWAN, S.Pd.
C154: =C123 -> NIP. 197405082014121002 | J154: =J123 -> NIP. 198507172020121003
A162: =$A$1 -> DAFTAR BUKTI PENERIMA PERJALANAN DINAS KE BANK (Transaksi Non Tunai)
A163: =Honor_guru!A181 -> BULAN JUNI 2026
C165: Nomor | D165: : _____________________________ | I165: Program | J165: =J133 -> : 07 Pengembangan Standar Pembiayaan
C166: Nama Sekolah | D166: =D134 -> : SD NEGERI LEBAKLEUNGSIR | I166: Kegiatan | J166: =J134 -> : Perjalanan Dinas ke bank
C167: Kecamatan | D167: =D135 -> : Cikalongwetan | I167: Kode Rekening | J167: =J135 -> : 5.1.02.04.01.0003
C168: Kabupaten | D168: =D136 -> : Bandung Barat | I168: Kode Penggunaan | J168: =J136 -> : 5
A170: NO | B170: NAMA PTK | D170: JABATAN | E170: Gol. / Ruang | F170: VOL | G170: SATUAN | H170: UNIT COST (Rp) | I170: JUMLAH (Rp) | J170: TANDA TANGAN
A171: 1 | B171: =IF(B139="","",B139) -> DEDE GUNAWAN | D171: =IF(D139="","",D139) -> Guru/Bendahara | E171: =IF(E139="","",E139) -> III/b | F171: =IF(F139="","",F139) -> 1 | G171: =IF(G139="","",G139) -> Perjalanan | H171: =IF(H139="","",H139) -> 75000 | I171: =IFERROR(SUM(F171*H171),"") -> 75000 | J171: 1 | K171: 2
A172: 2 | B172: =IF(B140="","",B140) | D172: =IF(D140="","",D140) | E172: =IF(E140="","",E140) | F172: =IF(F140="","",F140) | G172: =IF(G140="","",G140) | H172: =IF(H140="","",H140) | I172: =IFERROR(SUM(F172*H172),"")
A173: 3 | B173: =IF(B141="","",B141) | D173: =IF(D141="","",D141) | E173: =IF(E141="","",E141) | F173: =IF(F141="","",F141) | G173: =IF(G141="","",G141) | H173: =IF(H141="","",H141) | I173: =IFERROR(SUM(F173*H173),"") | J173: 3 | K173: 4
A174: 4 | B174: =IF(B142="","",B142) | D174: =IF(D142="","",D142) | E174: =IF(E142="","",E142) | F174: =IF(F142="","",F142) | G174: =IF(G142="","",G142) | H174: =IF(H142="","",H142) | I174: =IFERROR(SUM(F174*H174),"")
A175: JUMLAH | I175: =SUM(I171:I174) -> 75000
J177: Cikalongwetan, 3 Juni 2026
C178: Mengetahui/Menyetujui | J178: =Honor_guru!P199 -> Dibayar Lunas Tgl. 3 Juni 2026
C179: Kepala Sekolah, | J179: Bendahara BOS,
...

Sheet Transpor_koordinasi
A1: DAFTAR BUKTI PENERIMA PERJALANAN DINAS KOORDINASI PENGELOLAAN DANA BOSP (Transaksi Non Tunai)
A2: =Transpor_bank!A2 -> BULAN JANUARI 2026
C4: Nomor | D4: =Transpor_bank!D4 -> : ____________________________ | I4: Program | J4: : 06 Pengembangan Standar Pengelolaan
C5: Nama Sekolah | D5: =Transpor_bank!D5 -> : SD NEGERI LEBAKLEUNGSIR | I5: Kegiatan | J5: : Perjalanan Dinas koordinasi
C6: Kecamatan | D6: =Transpor_bank!D6 -> : Cikalongwetan | I6: Kode Rekening | J6: : 5.1.02.04.01.0003
C7: Kabupaten | D7: =Transpor_bank!D7 -> : Bandung Barat | I7: Kode Penggunaan | J7: : 5
A9: NO | B9: NAMA PTK | D9: JABATAN | E9: Gol. / Ruang | F9: VOL | G9: SATUAN | H9: UNIT COST (Rp) | I9: JUMLAH (Rp) | J9: TANDA TANGAN
A10: 1 | B10: DEDE GUNAWAN | D10: Bendahara | E10: III/b | F10: 1 | G10: Perjalanan | H10: 150000 | I10: =F10*H10 -> 150000 | J10: 1 | K10: 2
A11: 2 | I11: =F11*H11 -> 0
A12: 3 | I12: =F12*H12 -> 0 | J12: 3 | K12: 4
A13: 4 | I13: =F13*H13 -> 0
A14: JUMLAH | I14: =SUM(I10:I13) -> 150000
J16: =Transpor_bank!J16 -> Cikalongwetan, 2 Januari 2026
C17: Mengetahui/Menyetujui | J17: =Transpor_bank!J17 -> Dibayar Lunas Tgl. 4 Februari 2026
C18: Kepala Sekolah, | J18: Bendahara BOS,
C24: =Transpor_bank!C24 -> BADRUDDIN, S.Ag. | J24: =Transpor_bank!J24 -> DEDE GUNAWAN, S.Pd.
C25: =Transpor_bank!C25 -> NIP. 197405082014121002 | J25: =Transpor_bank!J25 -> NIP. 198507172020121003
A33: =$A$1 -> DAFTAR BUKTI PENERIMA PERJALANAN DINAS KOORDINASI PENGELOLAAN DANA BOSP (Transaksi Non Tunai)
A34: =Transpor_bank!A34 -> BULAN FEBRUARI 2026
C36: Nomor | D36: : _____________________________ | I36: Program | J36: =J4 -> : 06 Pengembangan Standar Pengelolaan
C37: Nama Sekolah | D37: =D5 -> : SD NEGERI LEBAKLEUNGSIR | I37: Kegiatan | J37: =J5 -> : Perjalanan Dinas koordinasi
C38: Kecamatan | D38: =D6 -> : Cikalongwetan | I38: Kode Rekening | J38: =J6 -> : 5.1.02.04.01.0003
C39: Kabupaten | D39: =D7 -> : Bandung Barat | I39: Kode Penggunaan | J39: =J7 -> : 5
A41: NO | B41: NAMA PTK | D41: JABATAN | E41: Gol. / Ruang | F41: VOL | G41: SATUAN | H41: UNIT COST (Rp) | I41: JUMLAH (Rp) | J41: TANDA TANGAN
A42: 1 | B42: =IF(B10="","",B10) -> DEDE GUNAWAN | D42: =IF(D10="","",D10) -> Bendahara | E42: =IF(E10="","",E10) -> III/b | F42: 3 | G42: =IF(G10="","",G10) -> Perjalanan | H42: =IF(H10="","",H10) -> 150000 | I42: =IFERROR(SUM(F42*H42),"") -> 450000 | J42: 1 | K42: 2
A43: 2 | B43: =IF(B11="","",B11) | D43: =IF(D11="","",D11) | E43: =IF(E11="","",E11) | F43: =IF(F11="","",F11) | G43: =IF(G11="","",G11) | H43: =IF(H11="","",H11) | I43: =IFERROR(SUM(F43*H43),"")
A44: 3 | B44: =IF(B12="","",B12) | D44: =IF(D12="","",D12) | E44: =IF(E12="","",E12) | F44: =IF(F12="","",F12) | G44: =IF(G12="","",G12) | H44: =IF(H12="","",H12) | I44: =IFERROR(SUM(F44*H44),"") | J44: 3 | K44: 4
A45: 4 | B45: =IF(B13="","",B13) | D45: =IF(D13="","",D13) | E45: =IF(E13="","",E13) | F45: =IF(F13="","",F13) | G45: =IF(G13="","",G13) | H45: =IF(H13="","",H13) | I45: =IFERROR(SUM(F45*H45),"")
A46: JUMLAH | I46: =SUM(I42:I45) -> 450000
J48: =Transpor_bank!J48 -> Cikalongwetan, 4 Februari 2026
C49: Mengetahui/Menyetujui | J49: =Transpor_bank!J49 -> Dibayar Lunas Tgl. 4 Februari 2026
C50: Kepala Sekolah, | J50: Bendahara BOS,
C56: =C24 -> BADRUDDIN, S.Ag. | J56: =J24 -> DEDE GUNAWAN, S.Pd.
C57: =C25 -> NIP. 197405082014121002 | J57: =J25 -> NIP. 198507172020121003
A65: =$A$1 -> DAFTAR BUKTI PENERIMA PERJALANAN DINAS KOORDINASI PENGELOLAAN DANA BOSP (Transaksi Non Tunai)
A66: =Transpor_bank!A66 -> BULAN MARET 2026
C68: Nomor | D68: : _____________________________ | I68: Program | J68: =J36 -> : 06 Pengembangan Standar Pengelolaan
C69: Nama Sekolah | D69: =D37 -> : SD NEGERI LEBAKLEUNGSIR | I69: Kegiatan | J69: =J37 -> : Perjalanan Dinas koordinasi
C70: Kecamatan | D70: =D38 -> : Cikalongwetan | I70: Kode Rekening | J70: =J38 -> : 5.1.02.04.01.0003
C71: Kabupaten | D71: =D39 -> : Bandung Barat | I71: Kode Penggunaan | J71: =J39 -> : 5
A73: NO | B73: NAMA PTK | D73: JABATAN | E73: Gol. / Ruang | F73: VOL | G73: SATUAN | H73: UNIT COST (Rp) | I73: JUMLAH (Rp) | J73: TANDA TANGAN
A74: 1 | B74: =IF(B42="","",B42) -> DEDE GUNAWAN | D74: =IF(D42="","",D42) -> Bendahara | E74: =IF(E42="","",E42) -> III/b | F74: 1 | G74: =IF(G42="","",G42) -> Perjalanan | H74: =IF(H42="","",H42) -> 150000 | I74: =IFERROR(SUM(F74*H74),"") -> 150000 | J74: 1 | K74: 2
A75: 2 | B75: =IF(B43="","",B43) | D75: =IF(D43="","",D43) | E75: =IF(E43="","",E43) | F75: =IF(F43="","",F43) | G75: =IF(G43="","",G43) | H75: =IF(H43="","",H43) | I75: =IFERROR(SUM(F75*H75),"")
A76: 3 | B76: =IF(B44="","",B44) | D76: =IF(D44="","",D44) | E76: =IF(E44="","",E44) | F76: =IF(F44="","",F44) | G76: =IF(G44="","",G44) | H76: =IF(H44="","",H44) | I76: =IFERROR(SUM(F76*H76),"") | J76: 3 | K76: 4
A77: 4 | B77: =IF(B45="","",B45) | D77: =IF(D45="","",D45) | E77: =IF(E45="","",E45) | F77: =IF(F45="","",F45) | G77: =IF(G45="","",G45) | H77: =IF(H45="","",H45) | I77: =IFERROR(SUM(F77*H77),"")
A78: JUMLAH | I78: =SUM(I74:I77) -> 150000
J80: =Transpor_bank!J80 -> Cikalongwetan, 5 Maret 2026
C81: Mengetahui/Menyetujui | J81: =Transpor_bank!J81 -> Dibayar Lunas Tgl. 5 Maret 2026
C82: Kepala Sekolah, | J82: Bendahara BOS,
C88: =C56 -> BADRUDDIN, S.Ag. | J88: =J56 -> DEDE GUNAWAN, S.Pd.
C89: =C57 -> NIP. 197405082014121002 | J89: =J57 -> NIP. 198507172020121003
A97: =$A$1 -> DAFTAR BUKTI PENERIMA PERJALANAN DINAS KOORDINASI PENGELOLAAN DANA BOSP (Transaksi Non Tunai)
A98: =Transpor_bank!A100 -> BULAN APRIL 2026
C100: Nomor | D100: : _____________________________ | I100: Program | J100: =J68 -> : 06 Pengembangan Standar Pengelolaan
C101: Nama Sekolah | D101: =D69 -> : SD NEGERI LEBAKLEUNGSIR | I101: Kegiatan | J101: =J69 -> : Perjalanan Dinas koordinasi
C102: Kecamatan | D102: =D70 -> : Cikalongwetan | I102: Kode Rekening | J102: =J70 -> : 5.1.02.04.01.0003
C103: Kabupaten | D103: =D71 -> : Bandung Barat | I103: Kode Penggunaan | J103: =J71 -> : 5
A105: NO | B105: NAMA PTK | D105: JABATAN | E105: Gol. / Ruang | F105: VOL | G105: SATUAN | H105: UNIT COST (Rp) | I105: JUMLAH (Rp) | J105: TANDA TANGAN
A106: 1 | B106: =IF(B74="","",B74) -> DEDE GUNAWAN | D106: =IF(D74="","",D74) -> Bendahara | E106: =IF(E74="","",E74) -> III/b | G106: =IF(G74="","",G74) -> Perjalanan | H106: 150000 | I106: =IFERROR(SUM(F106*H106),"") -> 0 | J106: 1 | K106: 2
A107: 2 | B107: =IF(B75="","",B75) | D107: =IF(D75="","",D75) | E107: =IF(E75="","",E75) | F107: =IF(F75="","",F75) | G107: =IF(G75="","",G75) | H107: =IF(H75="","",H75) | I107: =IFERROR(SUM(F107*H107),"")
A108: 3 | B108: =IF(B76="","",B76) | D108: =IF(D76="","",D76) | E108: =IF(E76="","",E76) | F108: =IF(F76="","",F76) | G108: =IF(G76="","",G76) | H108: =IF(H76="","",H76) | I108: =IFERROR(SUM(F108*H108),"") | J108: 3 | K108: 4
A109: 4 | B109: =IF(B77="","",B77) | D109: =IF(D77="","",D77) | E109: =IF(E77="","",E77) | F109: =IF(F77="","",F77) | G109: =IF(G77="","",G77) | H109: =IF(H77="","",H77) | I109: =IFERROR(SUM(F109*H109),"")
A110: JUMLAH | I110: =SUM(I106:I109) -> 0
J112: =Transpor_bank!J114 -> Cikalongwetan, 7 April 2026
C113: Mengetahui/Menyetujui | J113: =Transpor_bank!J115 -> Dibayar Lunas Tgl. 7 April 2026
C114: Kepala Sekolah, | J114: Bendahara BOS,
C120: =Transpor_bank!C251 -> BADRUDDIN, S.Ag. | J120: =J88 -> DEDE GUNAWAN, S.Pd.
C121: =Transpor_bank!C252 -> NIP. 197405082014121002 | J121: =J89 -> NIP. 198507172020121003
A129: =$A$1 -> DAFTAR BUKTI PENERIMA PERJALANAN DINAS KOORDINASI PENGELOLAAN DANA BOSP (Transaksi Non Tunai)
A130: =Transpor_bank!A131 -> BULAN MEI 2026
C132: Nomor | D132: : _____________________________ | I132: Program | J132: =J100 -> : 06 Pengembangan Standar Pengelolaan
C133: Nama Sekolah | D133: =D101 -> : SD NEGERI LEBAKLEUNGSIR | I133: Kegiatan | J133: =J101 -> : Perjalanan Dinas koordinasi
C134: Kecamatan | D134: =D102 -> : Cikalongwetan | I134: Kode Rekening | J134: =J102 -> : 5.1.02.04.01.0003
C135: Kabupaten | D135: =D103 -> : Bandung Barat | I135: Kode Penggunaan | J135: =J103 -> : 5
A137: NO | B137: NAMA PTK | D137: JABATAN | E137: Gol. / Ruang | F137: VOL | G137: SATUAN | H137: UNIT COST (Rp) | I137: JUMLAH (Rp) | J137: TANDA TANGAN
A138: 1 | B138: =IF(B106="","",B106) -> DEDE GUNAWAN | D138: =IF(D106="","",D106) -> Bendahara | E138: =IF(E106="","",E106) -> III/b | F138: 1 | G138: =IF(G106="","",G106) -> Perjalanan | H138: 150000 | I138: =IFERROR(SUM(F138*H138),"") -> 150000 | J138: 1 | K138: 2
A139: 2 | B139: =IF(B107="","",B107) | D139: =IF(D107="","",D107) | E139: =IF(E107="","",E107) | F139: =IF(F107="","",F107) | G139: =IF(G107="","",G107) | H139: =IF(H107="","",H107) | I139: =IFERROR(SUM(F139*H139),"")
A140: 3 | B140: =IF(B108="","",B108) | D140: =IF(D108="","",D108) | E140: =IF(E108="","",E108) | F140: =IF(F108="","",F108) | G140: =IF(G108="","",G108) | H140: =IF(H108="","",H108) | I140: =IFERROR(SUM(F140*H140),"") | J140: 3 | K140: 4
A141: 4 | B141: =IF(B109="","",B109) | D141: =IF(D109="","",D109) | E141: =IF(E109="","",E109) | F141: =IF(F109="","",F109) | G141: =IF(G109="","",G109) | H141: =IF(H109="","",H109) | I141: =IFERROR(SUM(F141*H141),"")
A142: JUMLAH | I142: =SUM(I138:I141) -> 150000
J144: =Transpor_bank!J145 -> Cikalongwetan, 5 Mei 2026
C145: Mengetahui/Menyetujui | J145: =Transpor_bank!J146 -> Dibayar Lunas Tgl. 5 Mei 2026
C146: Kepala Sekolah, | J146: Bendahara BOS,
C152: =C120 -> BADRUDDIN, S.Ag. | J152: =J120 -> DEDE GUNAWAN, S.Pd.
C153: =C121 -> NIP. 197405082014121002 | J153: =J121 -> NIP. 198507172020121003
A161: =$A$1 -> DAFTAR BUKTI PENERIMA PERJALANAN DINAS KOORDINASI PENGELOLAAN DANA BOSP (Transaksi Non Tunai)
A162: =Transpor_bank!A163 -> BULAN JUNI 2026
C164: Nomor | D164: : _____________________________ | I164: Program | J164: =J132 -> : 06 Pengembangan Standar Pengelolaan
C165: Nama Sekolah | D165: =D133 -> : SD NEGERI LEBAKLEUNGSIR | I165: Kegiatan | J165: =J133 -> : Perjalanan Dinas koordinasi
C166: Kecamatan | D166: =D134 -> : Cikalongwetan | I166: Kode Rekening | J166: =J134 -> : 5.1.02.04.01.0003
C167: Kabupaten | D167: =D135 -> : Bandung Barat | I167: Kode Penggunaan | J167: =J135 -> : 5
A169: NO | B169: NAMA PTK | D169: JABATAN | E169: Gol. / Ruang | F169: VOL | G169: SATUAN | H169: UNIT COST (Rp) | I169: JUMLAH (Rp) | J169: TANDA TANGAN
A170: 1 | B170: =IF(B138="","",B138) -> DEDE GUNAWAN | D170: =IF(D138="","",D138) -> Bendahara | E170: =IF(E138="","",E138) -> III/b | F170: 1 | G170: =IF(G138="","",G138) -> Perjalanan | H170: =IF(H138="","",H138) -> 150000 | I170: =IFERROR(SUM(F170*H170),"") -> 150000 | J170: 1 | K170: 2
A171: 2 | B171: =IF(B139="","",B139) | D171: =IF(D139="","",D139) | E171: =IF(E139="","",E139) | F171: =IF(F139="","",F139) | G171: =IF(G139="","",G139) | H171: =IF(H139="","",H139) | I171: =IFERROR(SUM(F171*H171),"")
A172: 3 | B172: =IF(B140="","",B140) | D172: =IF(D140="","",D140) | E172: =IF(E140="","",E140) | F172: =IF(F140="","",F140) | G172: =IF(G140="","",G140) | H172: =IF(H140="","",H140) | I172: =IFERROR(SUM(F172*H172),"") | J172: 3 | K172: 4
A173: 4 | B173: =IF(B141="","",B141) | D173: =IF(D141="","",D141) | E173: =IF(E141="","",E141) | F173: =IF(F141="","",F141) | G173: =IF(G141="","",G141) | H173: =IF(H141="","",H141) | I173: =IFERROR(SUM(F173*H173),"")
A174: JUMLAH | I174: =SUM(I170:I173) -> 150000
J176: =Transpor_bank!J177 -> Cikalongwetan, 3 Juni 2026
C177: Mengetahui/Menyetujui | J177: =Transpor_bank!J178 -> Dibayar Lunas Tgl. 3 Juni 2026
C178: Kepala Sekolah, | J178: Bendahara BOS,
...

Sheet Transpor_rapat
A1: DAFTAR BUKTI PENERIMA PERJALANAN DINAS RAPAT KERJA TEKNIS OPERATOR TK. GUGUS (Transaksi Non Tunai)
A2: =Transpor_koordinasi!A2 -> BULAN JANUARI 2026
C4: Nomor | D4: =Transpor_koordinasi!D4 -> : ____________________________ | I4: Program | J4: : 06 Pengembangan Standar Pengelolaan
C5: Nama Sekolah | D5: =Transpor_koordinasi!D5 -> : SD NEGERI LEBAKLEUNGSIR | I5: Kegiatan | J5: : Perjalanan Dinas Rakernis Operator
C6: Kecamatan | D6: =Transpor_koordinasi!D6 -> : Cikalongwetan | I6: Kode Rekening | J6: : 5.1.02.04.01.0003
C7: Kabupaten | D7: =Transpor_koordinasi!D7 -> : Bandung Barat | I7: Kode Penggunaan | J7: : 5
A9: NO | B9: NAMA PTK | D9: JABATAN | E9: Gol. / Ruang | F9: VOL | G9: SATUAN | H9: UNIT COST (Rp) | I9: JUMLAH (Rp) | J9: TANDA TANGAN
A10: 1 | B10: RISNA MARSELA HARTINI | D10: Operator | E10: - | F10: 2 | G10: Perjalanan | H10: 75000 | I10: =F10*H10 -> 150000 | J10: 1 | K10: 2
A11: 2 | I11: =F11*H11 -> 0
A12: 3 | I12: =F12*H12 -> 0 | J12: 3 | K12: 4
A13: 4 | I13: =F13*H13 -> 0
A14: JUMLAH | I14: =SUM(I10:I13) -> 150000
J16: Cikalongwetan, 23 Januari 2025
C17: Mengetahui/Menyetujui | J17: =Honor_penjaga!O20 -> Dibayar Lunas Tgl. 4 Februari 2026
C18: Kepala Sekolah, | J18: Bendahara BOS,
C24: =Transpor_koordinasi!C24 -> BADRUDDIN, S.Ag. | J24: =Transpor_koordinasi!J24 -> DEDE GUNAWAN, S.Pd.
C25: =Transpor_koordinasi!C25 -> NIP. 197405082014121002 | J25: =Transpor_koordinasi!J25 -> NIP. 198507172020121003
A33: =$A$1 -> DAFTAR BUKTI PENERIMA PERJALANAN DINAS RAPAT KERJA TEKNIS OPERATOR TK. GUGUS (Transaksi Non Tunai)
A34: =Transpor_koordinasi!A34 -> BULAN FEBRUARI 2026
C36: Nomor | D36: : _____________________________ | I36: Program | J36: =J4 -> : 06 Pengembangan Standar Pengelolaan
C37: Nama Sekolah | D37: =D5 -> : SD NEGERI LEBAKLEUNGSIR | I37: Kegiatan | J37: =J5 -> : Perjalanan Dinas Rakernis Operator
C38: Kecamatan | D38: =D6 -> : Cikalongwetan | I38: Kode Rekening | J38: =J6 -> : 5.1.02.04.01.0003
C39: Kabupaten | D39: =D7 -> : Bandung Barat | I39: Kode Penggunaan | J39: =J7 -> : 5
A41: NO | B41: NAMA PTK | D41: JABATAN | E41: Gol. / Ruang | F41: VOL | G41: SATUAN | H41: UNIT COST (Rp) | I41: JUMLAH (Rp) | J41: TANDA TANGAN
A42: 1 | B42: =IF(B10="","",B10) -> RISNA MARSELA HARTINI | D42: =IF(D10="","",D10) -> Operator | E42: =IF(E10="","",E10) -> - | F42: 4 | G42: =IF(G10="","",G10) -> Perjalanan | H42: 50000 | I42: =IFERROR(SUM(F42*H42),"") -> 200000 | J42: 1 | K42: 2
A43: 2 | B43: =IF(B11="","",B11) | D43: =IF(D11="","",D11) | E43: =IF(E11="","",E11) | F43: =IF(F11="","",F11) | G43: =IF(G11="","",G11) | H43: =IF(H11="","",H11) | I43: =IFERROR(SUM(F43*H43),"")
A44: 3 | B44: =IF(B12="","",B12) | D44: =IF(D12="","",D12) | E44: =IF(E12="","",E12) | F44: =IF(F12="","",F12) | G44: =IF(G12="","",G12) | H44: =IF(H12="","",H12) | I44: =IFERROR(SUM(F44*H44),"") | J44: 3 | K44: 4
A45: 4 | B45: =IF(B13="","",B13) | D45: =IF(D13="","",D13) | E45: =IF(E13="","",E13) | F45: =IF(F13="","",F13) | G45: =IF(G13="","",G13) | H45: =IF(H13="","",H13) | I45: =IFERROR(SUM(F45*H45),"")
A46: JUMLAH | I46: =SUM(I42:I45) -> 200000
J48: =Transpor_koordinasi!J48 -> Cikalongwetan, 4 Februari 2026
C49: Mengetahui/Menyetujui | J49: =Transpor_koordinasi!J49 -> Dibayar Lunas Tgl. 4 Februari 2026
C50: Kepala Sekolah, | J50: Bendahara BOS,
C56: =C24 -> BADRUDDIN, S.Ag. | J56: =J24 -> DEDE GUNAWAN, S.Pd.
C57: =C25 -> NIP. 197405082014121002 | J57: =J25 -> NIP. 198507172020121003
A65: =$A$1 -> DAFTAR BUKTI PENERIMA PERJALANAN DINAS RAPAT KERJA TEKNIS OPERATOR TK. GUGUS (Transaksi Non Tunai)
A66: =Transpor_koordinasi!A66 -> BULAN MARET 2026
C68: Nomor | D68: : _____________________________ | I68: Program | J68: =J36 -> : 06 Pengembangan Standar Pengelolaan
C69: Nama Sekolah | D69: =D37 -> : SD NEGERI LEBAKLEUNGSIR | I69: Kegiatan | J69: =J37 -> : Perjalanan Dinas Rakernis Operator
C70: Kecamatan | D70: =D38 -> : Cikalongwetan | I70: Kode Rekening | J70: =J38 -> : 5.1.02.04.01.0003
C71: Kabupaten | D71: =D39 -> : Bandung Barat | I71: Kode Penggunaan | J71: =J39 -> : 5
A73: NO | B73: NAMA PTK | D73: JABATAN | E73: Gol. / Ruang | F73: VOL | G73: SATUAN | H73: UNIT COST (Rp) | I73: JUMLAH (Rp) | J73: TANDA TANGAN
A74: 1 | B74: =IF(B42="","",B42) -> RISNA MARSELA HARTINI | D74: =IF(D42="","",D42) -> Operator | E74: =IF(E42="","",E42) -> - | F74: 2 | G74: =IF(G42="","",G42) -> Perjalanan | H74: =IF(H42="","",H42) -> 50000 | I74: =IFERROR(SUM(F74*H74),"") -> 100000 | J74: 1 | K74: 2
A75: 2 | B75: =IF(B43="","",B43) | D75: =IF(D43="","",D43) | E75: =IF(E43="","",E43) | F75: =IF(F43="","",F43) | G75: =IF(G43="","",G43) | H75: =IF(H43="","",H43) | I75: =IFERROR(SUM(F75*H75),"")
A76: 3 | B76: =IF(B44="","",B44) | D76: =IF(D44="","",D44) | E76: =IF(E44="","",E44) | F76: =IF(F44="","",F44) | G76: =IF(G44="","",G44) | H76: =IF(H44="","",H44) | I76: =IFERROR(SUM(F76*H76),"") | J76: 3 | K76: 4
A77: 4 | B77: =IF(B45="","",B45) | D77: =IF(D45="","",D45) | E77: =IF(E45="","",E45) | F77: =IF(F45="","",F45) | G77: =IF(G45="","",G45) | H77: =IF(H45="","",H45) | I77: =IFERROR(SUM(F77*H77),"")
A78: JUMLAH | I78: =SUM(I74:I77) -> 100000
J80: =Transpor_koordinasi!J80 -> Cikalongwetan, 5 Maret 2026
C81: Mengetahui/Menyetujui | J81: =Honor_penjaga!O92 -> Dibayar Lunas Tgl. 5 Maret 2026
C82: Kepala Sekolah, | J82: Bendahara BOS,
C88: =C56 -> BADRUDDIN, S.Ag. | J88: =J56 -> DEDE GUNAWAN, S.Pd.
C89: =C57 -> NIP. 197405082014121002 | J89: =J57 -> NIP. 198507172020121003
A98: =$A$1 -> DAFTAR BUKTI PENERIMA PERJALANAN DINAS RAPAT KERJA TEKNIS OPERATOR TK. GUGUS (Transaksi Non Tunai)
A99: =Transpor_koordinasi!A98 -> BULAN APRIL 2026
C101: Nomor | D101: : _____________________________ | I101: Program | J101: =J68 -> : 06 Pengembangan Standar Pengelolaan
C102: Nama Sekolah | D102: =D69 -> : SD NEGERI LEBAKLEUNGSIR | I102: Kegiatan | J102: =J69 -> : Perjalanan Dinas Rakernis Operator
C103: Kecamatan | D103: =D70 -> : Cikalongwetan | I103: Kode Rekening | J103: =J70 -> : 5.1.02.04.01.0003
C104: Kabupaten | D104: =D71 -> : Bandung Barat | I104: Kode Penggunaan | J104: =J71 -> : 5
A106: NO | B106: NAMA PTK | D106: JABATAN | E106: Gol. / Ruang | F106: VOL | G106: SATUAN | H106: UNIT COST (Rp) | I106: JUMLAH (Rp) | J106: TANDA TANGAN
A107: 1 | B107: =IF(B74="","",B74) -> RISNA MARSELA HARTINI | D107: =IF(D74="","",D74) -> Operator | E107: =IF(E74="","",E74) -> - | F107: 1 | G107: =IF(G74="","",G74) -> Perjalanan | H107: =IF(H74="","",H74) -> 50000 | I107: =IFERROR(SUM(F107*H107),"") -> 50000 | J107: 1 | K107: 2
A108: 2 | B108: =IF(B75="","",B75) | D108: =IF(D75="","",D75) | E108: =IF(E75="","",E75) | F108: =IF(F75="","",F75) | G108: =IF(G75="","",G75) | H108: =IF(H75="","",H75) | I108: =IFERROR(SUM(F108*H108),"")
A109: 3 | B109: =IF(B76="","",B76) | D109: =IF(D76="","",D76) | E109: =IF(E76="","",E76) | F109: =IF(F76="","",F76) | G109: =IF(G76="","",G76) | H109: =IF(H76="","",H76) | I109: =IFERROR(SUM(F109*H109),"") | J109: 3 | K109: 4
A110: 4 | B110: =IF(B77="","",B77) | D110: =IF(D77="","",D77) | E110: =IF(E77="","",E77) | F110: =IF(F77="","",F77) | G110: =IF(G77="","",G77) | H110: =IF(H77="","",H77) | I110: =IFERROR(SUM(F110*H110),"")
A111: JUMLAH | I111: =SUM(I107:I110) -> 50000
J113: =Transpor_koordinasi!J112 -> Cikalongwetan, 7 April 2026
C114: Mengetahui/Menyetujui | J114: =Honor_penjaga!O128 -> Dibayar Lunas Tgl. 7 April 2026
C115: Kepala Sekolah, | J115: Bendahara BOS,
C121: =Transpor_koordinasi!C120 -> BADRUDDIN, S.Ag. | J121: =J88 -> DEDE GUNAWAN, S.Pd.
C122: =Transpor_koordinasi!C121 -> NIP. 197405082014121002 | J122: =J89 -> NIP. 198507172020121003
A130: =$A$1 -> DAFTAR BUKTI PENERIMA PERJALANAN DINAS RAPAT KERJA TEKNIS OPERATOR TK. GUGUS (Transaksi Non Tunai)
A131: =Transpor_koordinasi!A130 -> BULAN MEI 2026
C133: Nomor | D133: : _____________________________ | I133: Program | J133: =J101 -> : 06 Pengembangan Standar Pengelolaan
C134: Nama Sekolah | D134: =D102 -> : SD NEGERI LEBAKLEUNGSIR | I134: Kegiatan | J134: =J102 -> : Perjalanan Dinas Rakernis Operator
C135: Kecamatan | D135: =D103 -> : Cikalongwetan | I135: Kode Rekening | J135: =J103 -> : 5.1.02.04.01.0003
C136: Kabupaten | D136: =D104 -> : Bandung Barat | I136: Kode Penggunaan | J136: =J104 -> : 5
A138: NO | B138: NAMA PTK | D138: JABATAN | E138: Gol. / Ruang | F138: VOL | G138: SATUAN | H138: UNIT COST (Rp) | I138: JUMLAH (Rp) | J138: TANDA TANGAN
A139: 1 | B139: =IF(B107="","",B107) -> RISNA MARSELA HARTINI | D139: =IF(D107="","",D107) -> Operator | E139: =IF(E107="","",E107) -> - | F139: 1 | G139: =IF(G107="","",G107) -> Perjalanan | H139: =IF(H107="","",H107) -> 50000 | I139: =IFERROR(SUM(F139*H139),"") -> 50000 | J139: 1 | K139: 2
A140: 2 | B140: =IF(B108="","",B108) | D140: =IF(D108="","",D108) | E140: =IF(E108="","",E108) | F140: =IF(F108="","",F108) | G140: =IF(G108="","",G108) | H140: =IF(H108="","",H108) | I140: =IFERROR(SUM(F140*H140),"")
A141: 3 | B141: =IF(B109="","",B109) | D141: =IF(D109="","",D109) | E141: =IF(E109="","",E109) | F141: =IF(F109="","",F109) | G141: =IF(G109="","",G109) | H141: =IF(H109="","",H109) | I141: =IFERROR(SUM(F141*H141),"") | J141: 3 | K141: 4
A142: 4 | B142: =IF(B110="","",B110) | D142: =IF(D110="","",D110) | E142: =IF(E110="","",E110) | F142: =IF(F110="","",F110) | G142: =IF(G110="","",G110) | H142: =IF(H110="","",H110) | I142: =IFERROR(SUM(F142*H142),"")
A143: JUMLAH | I143: =SUM(I139:I142) -> 50000
J145: =Transpor_koordinasi!J144 -> Cikalongwetan, 5 Mei 2026
C146: Mengetahui/Menyetujui | J146: =Honor_penjaga!O164 -> Dibayar Lunas Tgl. 5 Mei 2026
C147: Kepala Sekolah, | J147: Bendahara BOS,
C153: =C121 -> BADRUDDIN, S.Ag. | J153: =J121 -> DEDE GUNAWAN, S.Pd.
C154: =C122 -> NIP. 197405082014121002 | J154: =J122 -> NIP. 198507172020121003
A162: =$A$1 -> DAFTAR BUKTI PENERIMA PERJALANAN DINAS RAPAT KERJA TEKNIS OPERATOR TK. GUGUS (Transaksi Non Tunai)
A163: =Transpor_koordinasi!A162 -> BULAN JUNI 2026
C165: Nomor | D165: : _____________________________ | I165: Program | J165: =J133 -> : 06 Pengembangan Standar Pengelolaan
C166: Nama Sekolah | D166: =D134 -> : SD NEGERI LEBAKLEUNGSIR | I166: Kegiatan | J166: =J134 -> : Perjalanan Dinas Rakernis Operator
C167: Kecamatan | D167: =D135 -> : Cikalongwetan | I167: Kode Rekening | J167: =J135 -> : 5.1.02.04.01.0003
C168: Kabupaten | D168: =D136 -> : Bandung Barat | I168: Kode Penggunaan | J168: =J136 -> : 5
A170: NO | B170: NAMA PTK | D170: JABATAN | E170: Gol. / Ruang | F170: VOL | G170: SATUAN | H170: UNIT COST (Rp) | I170: JUMLAH (Rp) | J170: TANDA TANGAN
A171: 1 | B171: =IF(B139="","",B139) -> RISNA MARSELA HARTINI | D171: =IF(D139="","",D139) -> Operator | E171: =IF(E139="","",E139) -> - | F171: 1 | G171: =IF(G139="","",G139) -> Perjalanan | H171: =IF(H139="","",H139) -> 50000 | I171: =IFERROR(SUM(F171*H171),"") -> 50000 | J171: 1 | K171: 2
A172: 2 | B172: =IF(B140="","",B140) | D172: =IF(D140="","",D140) | E172: =IF(E140="","",E140) | F172: =IF(F140="","",F140) | G172: =IF(G140="","",G140) | H172: =IF(H140="","",H140) | I172: =IFERROR(SUM(F172*H172),"")
A173: 3 | B173: =IF(B141="","",B141) | D173: =IF(D141="","",D141) | E173: =IF(E141="","",E141) | F173: =IF(F141="","",F141) | G173: =IF(G141="","",G141) | H173: =IF(H141="","",H141) | I173: =IFERROR(SUM(F173*H173),"") | J173: 3 | K173: 4
A174: 4 | B174: =IF(B142="","",B142) | D174: =IF(D142="","",D142) | E174: =IF(E142="","",E142) | F174: =IF(F142="","",F142) | G174: =IF(G142="","",G142) | H174: =IF(H142="","",H142) | I174: =IFERROR(SUM(F174*H174),"")
A175: JUMLAH | I175: =SUM(I171:I174) -> 50000
J177: =Transpor_koordinasi!J176 -> Cikalongwetan, 3 Juni 2026
C178: Mengetahui/Menyetujui | J178: =Transpor_koordinasi!J177 -> Dibayar Lunas Tgl. 3 Juni 2026
C179: Kepala Sekolah, | J179: Bendahara BOS,
...

Sheet Transpor_pendamping
A1: DAFTAR BUKTI PENERIMA PERJALANAN DINAS PENDAMPING PESERTA TKA (Transaksi Non Tunai)
A2: BULAN APRIL 2026
C4: Nomor | D4: =Transpor_rapat!D4 -> : ____________________________ | I4: Program | J4: : 08 Standar Penilaian
C5: Nama Sekolah | D5: =Transpor_rapat!D5 -> : SD NEGERI LEBAKLEUNGSIR | I5: Kegiatan | J5: : Perjalanan Dinas Pendamping TKA
C6: Kecamatan | D6: =Transpor_rapat!D6 -> : Cikalongwetan | I6: Kode Rekening | J6: : 5.1.02.04.01.0003
C7: Kabupaten | D7: =Transpor_rapat!D7 -> : Bandung Barat | I7: Kode Penggunaan | J7: : 5
A9: NO | B9: NAMA PTK | D9: JABATAN | E9: Gol. / Ruang | F9: VOL | G9: SATUAN | H9: UNIT COST (Rp) | I9: JUMLAH (Rp) | J9: TANDA TANGAN
A10: 1 | B10: DEDE GUNAWAN | D10: Guru Kelas | E10: III/b | F10: 2 | G10: Perjalanan | H10: 75000 | I10: =F10*H10 -> 150000 | J10: 1 | K10: 2
A11: 2 | E11: - | I11: =F11*H11 -> 0
A12: 3 | I12: =F12*H12 -> 0 | J12: 3 | K12: 4
A13: 4 | I13: =F13*H13 -> 0
A14: JUMLAH | I14: =SUM(I10:I13) -> 150000
J16: Cikalongwetan, 7 April 2026
C17: Mengetahui/Menyetujui | J17: Dibayar Lunas Tgl. 7 April 2026
C18: Kepala Sekolah, | J18: Bendahara BOS,
C24: =Transpor_rapat!C253 -> BADRUDDIN, S.Ag. | J24: =Honor_penjaga!O423 -> DEDE GUNAWAN, S.Pd
C25: =Transpor_rapat!C254 -> NIP. 197405082014121002 | J25: =Honor_penjaga!O424 -> NIP. 198507172020121003

Sheet Upah
A1: DAFTAR BUKTI PENERIMA JASA/UPAH KERJA PEMELIHARAAN HALAMAN SEKOLAH
C4: Nomor | D4: : _____________________________ | K4: Program | L4: : 05 Pengembangan Standar Sarpras
C5: Nama Sekolah | D5: =Honor_guru!D5 -> : SD NEGERI LEBAKLEUNGSIR | K5: Kegiatan | L5: : Upah Kerja Pemeliharaan
C6: Kecamatan | D6: : Cikalongwetan | K6: Kode Rekening | L6: : 5.1.02.02.01.0016
C7: Kabupaten | D7: : Bandung Barat | K7: Kode Penggunaan | L7: : 8
A9: NO | B9: NAMA PTK | D9: JABATAN | E9: Gol. / Ruang | F9: VOLUME | H9: UNIT COST (Rp) | I9: JUMLAH (Rp) | J9: PPh 21 | K9: JUMLAH YANG DITERIMA (Rp) | L9: TANDA TANGAN
A10: 1 | B10: IMAN | D10: Pekerja/Tukang | E10: - | F10: 3 | G10: Hari | H10: 125000 | I10: =SUM(F10*H10) -> 375000 | J10: =I10*0/100 -> 0 | K10: =SUM(I10-J10) -> 375000 | L10: 1 | M10: 2
A11: 2 | I11: =SUM(F11*H11) -> 0 | J11: =I11*5/100 -> 0 | K11: =SUM(I11-J11) -> 0
A12: 3 | I12: =SUM(F12*H12) -> 0 | J12: =I12*5/100 -> 0 | K12: =SUM(I12-J12) -> 0 | L12: 3 | M12: 4
A13: 4 | I13: =SUM(F13*H13) -> 0 | J13: =I13*0/100 -> 0 | K13: =SUM(I13-J13) -> 0
A14: JUMLAH | I14: =SUM(I10:I13) -> 375000 | J14: =SUM(J10:J13) -> 0 | K14: =SUM(K10:K13) -> 375000
L16: ..
C17: Mengetahui/Menyetujui | L17: ..
C18: Kepala Sekolah, | L18: Bendahara BOS,
C24: =Honor_guru!C27 -> BADRUDDIN, S.Ag. | L24: =Honor_guru!P27 -> DEDE GUNAWAN, S.Pd.
C25: =Honor_guru!C28 -> NIP. 197405082014121002 | L25: =Honor_guru!P28 -> NIP. 198507172020121003

Sheet Pulsa
A1: DAFTAR PENERIMA KUOTA/PULSA INTERNET OPERATOR
A2: =Transpor_rapat!A2 -> BULAN JANUARI 2026
C4: Nomor | D4: =Transpor_pendamping!D4 -> : ____________________________ | I4: Program | J4: : 06 Pengembangan Standar Pengelolaan
C5: Nama Sekolah | D5: =Transpor_pendamping!D5 -> : SD NEGERI LEBAKLEUNGSIR | I5: Kegiatan | J5: : Pengisian Pulsa Internet
C6: Kecamatan | D6: =Transpor_pendamping!D6 -> : Cikalongwetan | I6: Kode Rekening | J6: : 5.1.02.02.01.0063
C7: Kabupaten | D7: =Transpor_pendamping!D7 -> : Bandung Barat | I7: Kode Penggunaan | J7: : 7
A9: NO | B9: NAMA PTK | D9: JABATAN | E9: NOMOR HP | F9: VOL | G9: SATUAN | H9: UNIT COST (Rp) | I9: JUMLAH (Rp) | J9: TANDA TANGAN
A10: 1 | B10: RISNA MARSELA HARTINI | D10: Operator | E10: +62 882-2908-8313 | F10: 1 | G10: Paket | H10: 105000 | I10: =F10*H10 -> 105000 | J10: 1 | K10: 2
A11: 2 | I11: =F11*H11 -> 0
A12: 3 | I12: =F12*H12 -> 0 | J12: 3 | K12: 4
A13: 4 | I13: =F13*H13 -> 0
A14: 5 | I14: =F14*H14 -> 0 | J14: 5 | K14: 6
A15: 6 | I15: =F15*H15 -> 0
A16: 7 | I16: =F16*H16 -> 0 | J16: 7 | K16: 8
A17: 8 | I17: =F17*H17 -> 0
A18: JUMLAH | I18: =SUM(I10:I17) -> 105000
J20: =Transpor_rapat!J16 -> Cikalongwetan, 23 Januari 2025
C21: Mengetahui/Menyetujui | J21: =Transpor_rapat!J17 -> Dibayar Lunas Tgl. 4 Februari 2026
C22: Kepala Sekolah, | J22: Bendahara BOS,
C27: =Honor_guru!C27 -> BADRUDDIN, S.Ag. | J27: =Honor_guru!P27 -> DEDE GUNAWAN, S.Pd.
C28: =Honor_guru!C28 -> NIP. 197405082014121002 | J28: =Honor_guru!P28 -> NIP. 198507172020121003
A43: =A1 -> DAFTAR PENERIMA KUOTA/PULSA INTERNET OPERATOR
A44: =Transpor_rapat!A34 -> BULAN FEBRUARI 2026
C46: Nomor | D46: =D4 -> : ____________________________ | I46: Program | J46: =J4 -> : 06 Pengembangan Standar Pengelolaan
C47: Nama Sekolah | D47: =D5 -> : SD NEGERI LEBAKLEUNGSIR | I47: Kegiatan | J47: =J5 -> : Pengisian Pulsa Internet
C48: Kecamatan | D48: =D6 -> : Cikalongwetan | I48: Kode Rekening | J48: =J6 -> : 5.1.02.02.01.0063
C49: Kabupaten | D49: =D7 -> : Bandung Barat | I49: Kode Penggunaan | J49: =J7 -> : 7
A51: NO | B51: NAMA PTK | D51: JABATAN | E51: NOMOR HP | F51: VOL | G51: SATUAN | H51: UNIT COST (Rp) | I51: JUMLAH (Rp) | J51: TANDA TANGAN
A52: 1 | B52: =B10 -> RISNA MARSELA HARTINI | D52: =D10 -> Operator | E52: =E10 -> +62 882-2908-8313 | F52: 1 | G52: Paket | H52: 105000 | I52: =F52*H52 -> 105000 | J52: 1 | K52: 2
A53: 2 | I53: =F53*H53 -> 0
A54: JUMLAH | I54: =SUM(I52:I53) -> 105000
J56: =Transpor_rapat!J48 -> Cikalongwetan, 4 Februari 2026
C57: Mengetahui/Menyetujui | J57: =Transpor_rapat!J49 -> Dibayar Lunas Tgl. 4 Februari 2026
C58: Kepala Sekolah, | J58: Bendahara BOS,
C63: =C27 -> BADRUDDIN, S.Ag. | J63: =J27 -> DEDE GUNAWAN, S.Pd.
C64: =C28 -> NIP. 197405082014121002 | J64: =J28 -> NIP. 198507172020121003
A79: =A43 -> DAFTAR PENERIMA KUOTA/PULSA INTERNET OPERATOR
A80: =Transpor_rapat!A66 -> BULAN MARET 2026
C82: Nomor | D82: =D46 -> : ____________________________ | I82: Program | J82: =J46 -> : 06 Pengembangan Standar Pengelolaan
C83: Nama Sekolah | D83: =D47 -> : SD NEGERI LEBAKLEUNGSIR | I83: Kegiatan | J83: =J47 -> : Pengisian Pulsa Internet
C84: Kecamatan | D84: =D48 -> : Cikalongwetan | I84: Kode Rekening | J84: =J48 -> : 5.1.02.02.01.0063
C85: Kabupaten | D85: =D49 -> : Bandung Barat | I85: Kode Penggunaan | J85: =J49 -> : 7
A87: NO | B87: NAMA PTK | D87: JABATAN | E87: NOMOR HP | F87: VOL | G87: SATUAN | H87: UNIT COST (Rp) | I87: JUMLAH (Rp) | J87: TANDA TANGAN
A88: 1 | B88: =B52 -> RISNA MARSELA HARTINI | D88: =D52 -> Operator | E88: =E52 -> +62 882-2908-8313 | F88: 1 | G88: Paket | H88: 105000 | I88: =F88*H88 -> 105000 | J88: 1 | K88: 2
A89: 2 | I89: =F89*H89 -> 0
A90: 3 | I90: =F90*H90 -> 0 | J90: 3 | K90: 4
A91: 4 | I91: =F91*H91 -> 0
A92: 5 | I92: =F92*H92 -> 0 | J92: 5 | K92: 6
A93: 6 | I93: =F93*H93 -> 0
A94: 7 | I94: =F94*H94 -> 0 | J94: 7 | K94: 8
A95: 8 | I95: =F95*H95 -> 0
A96: JUMLAH | I96: =SUM(I88:I95) -> 105000
J98: =Transpor_rapat!J80 -> Cikalongwetan, 5 Maret 2026
C99: Mengetahui/Menyetujui | J99: =Transpor_rapat!J81 -> Dibayar Lunas Tgl. 5 Maret 2026
C100: Kepala Sekolah, | J100: Bendahara BOS,
C105: =C63 -> BADRUDDIN, S.Ag. | J105: =J63 -> DEDE GUNAWAN, S.Pd.
C106: =C64 -> NIP. 197405082014121002 | J106: =J64 -> NIP. 198507172020121003
A121: =A79 -> DAFTAR PENERIMA KUOTA/PULSA INTERNET OPERATOR
A122: =Transpor_rapat!A99 -> BULAN APRIL 2026
C124: Nomor | D124: : ____________________________ | I124: Program | J124: =J82 -> : 06 Pengembangan Standar Pengelolaan
C125: Nama Sekolah | D125: =D83 -> : SD NEGERI LEBAKLEUNGSIR | I125: Kegiatan | J125: =J83 -> : Pengisian Pulsa Internet
C126: Kecamatan | D126: =D84 -> : Cikalongwetan | I126: Kode Rekening | J126: =J84 -> : 5.1.02.02.01.0063
C127: Kabupaten | D127: =D85 -> : Bandung Barat | I127: Kode Penggunaan | J127: =J85 -> : 7
A129: NO | B129: NAMA PTK | D129: JABATAN | E129: NOMOR HP | F129: VOL | G129: SATUAN | H129: UNIT COST (Rp) | I129: JUMLAH (Rp) | J129: TANDA TANGAN
A130: 1 | B130: =B88 -> RISNA MARSELA HARTINI | D130: =D88 -> Operator | E130: =E88 -> +62 882-2908-8313 | F130: 1 | G130: Paket | H130: 105000 | I130: =F130*H130 -> 105000 | J130: 1 | K130: 2
A131: 2 | I131: =F131*H131 -> 0
A132: JUMLAH | I132: =SUM(I130:I131) -> 105000
J134: Cikalongwetan, 20 April 2025
C135: Mengetahui/Menyetujui | J135: Dibayar Lunas Tgl. 2 April 2024
C136: Kepala Sekolah, | J136: Bendahara BOS,
C141: =Transpor_rapat!C121 -> BADRUDDIN, S.Ag. | J141: =J105 -> DEDE GUNAWAN, S.Pd.
C142: =Transpor_rapat!C122 -> NIP. 197405082014121002 | J142: =J106 -> NIP. 198507172020121003
A157: =A121 -> DAFTAR PENERIMA KUOTA/PULSA INTERNET OPERATOR
A158: =Transpor_rapat!A131 -> BULAN MEI 2026
C160: Nomor | D160: =D124 -> : ____________________________ | I160: Program | J160: =J124 -> : 06 Pengembangan Standar Pengelolaan
C161: Nama Sekolah | D161: =D125 -> : SD NEGERI LEBAKLEUNGSIR | I161: Kegiatan | J161: =J125 -> : Pengisian Pulsa Internet
C162: Kecamatan | D162: =D126 -> : Cikalongwetan | I162: Kode Rekening | J162: =J126 -> : 5.1.02.02.01.0063
C163: Kabupaten | D163: =D127 -> : Bandung Barat | I163: Kode Penggunaan | J163: =J127 -> : 7
A165: NO | B165: NAMA PTK | D165: JABATAN | E165: NOMOR HP | F165: VOL | G165: SATUAN | H165: UNIT COST (Rp) | I165: JUMLAH (Rp) | J165: TANDA TANGAN
A166: 1 | B166: =B130 -> RISNA MARSELA HARTINI | D166: =D130 -> Operator | E166: =E130 -> +62 882-2908-8313 | F166: 1 | G166: Paket | H166: 105000 | I166: =F166*H166 -> 105000 | J166: 1 | K166: 2
A167: 2 | I167: =F167*H167 -> 0
A168: 3 | I168: =F168*H168 -> 0 | J168: 3 | K168: 4
A169: 4 | I169: =F169*H169 -> 0
A170: 5 | I170: =F170*H170 -> 0 | J170: 5 | K170: 6
A171: 6 | I171: =F171*H171 -> 0
A172: 7 | I172: =F172*H172 -> 0 | J172: 7 | K172: 8
A173: 8 | I173: =F173*H173 -> 0
A174: JUMLAH | I174: =SUM(I166:I173) -> 105000
J176: Cikalongwetan, 5 Mei 2025
C177: Mengetahui/Menyetujui | J177: Dibayar Lunas Tgl. 5 Mei 2025
C178: Kepala Sekolah, | J178: Bendahara BOS,
C183: =C141 -> BADRUDDIN, S.Ag. | J183: =J141 -> DEDE GUNAWAN, S.Pd.
C184: =C142 -> NIP. 197405082014121002 | J184: =J142 -> NIP. 198507172020121003
A199: =A157 -> DAFTAR PENERIMA KUOTA/PULSA INTERNET OPERATOR
A200: =Transpor_rapat!A163 -> BULAN JUNI 2026
C202: Nomor | D202: =D160 -> : ____________________________ | I202: Program | J202: =J160 -> : 06 Pengembangan Standar Pengelolaan
C203: Nama Sekolah | D203: =D161 -> : SD NEGERI LEBAKLEUNGSIR | I203: Kegiatan | J203: =J161 -> : Pengisian Pulsa Internet
C204: Kecamatan | D204: =D162 -> : Cikalongwetan | I204: Kode Rekening | J204: =J162 -> : 5.1.02.02.01.0063
C205: Kabupaten | D205: =D163 -> : Bandung Barat | I205: Kode Penggunaan | J205: =J163 -> : 7
A207: NO | B207: NAMA PTK | D207: JABATAN | E207: NOMOR HP | F207: VOL | G207: SATUAN | H207: UNIT COST (Rp) | I207: JUMLAH (Rp) | J207: TANDA TANGAN
...
